transaction_id,transaction_type,amount,customer_age,customer_gender,account_balance,device_type,location,merchant_category,transaction_time,international_transaction,fraud
1000,Transfer,2598.57,35,Male,115489.32,Mobile,Chennai,Electronics,18,No,1
1001,Transfer,21941.93,50,Male,282816.31,Desktop,Mumbai,Travel,18,No,0
1002,Transfer,75904.86,28,Female,173424.01,Mobile,Mumbai,Fashion,3,Yes,1
1003,Withdrawal,84764.69,56,Female,404528.5,Desktop,Chennai,Electronics,12,Yes,1
1004,Withdrawal,57777.48,63,Male,27683.07,Mobile,Kolkata,Electronics,7,Yes,1
1005,Deposit,63604.88,41,Male,188239.58,Mobile,Kolkata,Electronics,19,Yes,1
1006,Payment,16423.91,42,Female,494814.06,Mobile,Kolkata,Electronics,7,Yes,0
1007,Deposit,26847.31,31,Female,110250.14,Desktop,Bangalore,Travel,4,No,0
1008,Withdrawal,74726.68,45,Female,184188.24,Mobile,Chennai,Travel,2,Yes,0
1009,Payment,62781.86,68,Female,300222.47,Desktop,Bangalore,Food,14,No,0
1010,Transfer,68060.31,25,Female,385456.37,Desktop,Delhi,Fashion,13,Yes,1
1011,Withdrawal,97191.62,66,Male,256302.43,Mobile,Kolkata,Food,19,Yes,1
1012,Payment,53983.97,67,Male,301477.57,Desktop,Delhi,Electronics,11,No,1
1013,Payment,87813.16,23,Male,367294.26,Mobile,Chennai,Grocery,4,No,0
1014,Payment,26579.16,56,Female,482359.64,Mobile,Kolkata,Travel,21,No,0
1015,Deposit,12188.32,32,Male,172352.35,Mobile,Chennai,Grocery,0,Yes,0
1016,Transfer,22971.28,20,Female,40074.39,Mobile,Kolkata,Travel,6,Yes,0
1017,Deposit,24375.42,48,Female,99252.91,Mobile,Bangalore,Fashion,13,No,0
1018,Transfer,67369.12,59,Male,35003.27,Desktop,Delhi,Grocery,6,Yes,1
1019,Payment,42245.98,35,Female,128654.19,Mobile,Bangalore,Food,3,Yes,0
1020,Transfer,96902.73,66,Male,87324.0,Desktop,Bangalore,Grocery,12,Yes,1
1021,Transfer,98532.35,34,Female,146198.37,Desktop,Mumbai,Grocery,9,Yes,0
1022,Transfer,74822.76,21,Male,294167.91,Mobile,Delhi,Food,2,Yes,1
1023,Transfer,67553.73,33,Female,64343.87,Mobile,Chennai,Food,1,Yes,1
1024,Withdrawal,93477.16,31,Female,123149.55,Desktop,Mumbai,Fashion,14,No,0
1025,Transfer,1030.61,57,Male,41264.06,Mobile,Chennai,Fashion,4,No,0
1026,Payment,37015.76,28,Female,417703.75,Desktop,Chennai,Food,0,No,0
1027,Transfer,93899.11,26,Female,62137.19,Mobile,Chennai,Grocery,8,No,0
1028,Withdrawal,20439.37,58,Female,255177.48,Desktop,Delhi,Electronics,20,No,0
1029,Transfer,454.21,67,Male,320371.12,Desktop,Mumbai,Travel,17,No,0
1030,Transfer,7616.86,62,Male,275067.19,Desktop,Chennai,Food,4,No,1
1031,Withdrawal,36528.69,68,Male,449967.7,Mobile,Mumbai,Electronics,11,No,0
1032,Payment,92583.81,33,Male,488221.99,Mobile,Bangalore,Electronics,5,No,0
1033,Deposit,80243.29,65,Male,137068.83,Mobile,Bangalore,Electronics,15,Yes,1
1034,Deposit,35030.88,70,Male,115347.16,Mobile,Bangalore,Fashion,8,Yes,0
1035,Withdrawal,35179.5,50,Female,341361.47,Desktop,Delhi,Electronics,8,Yes,0
1036,Withdrawal,3921.89,56,Female,176115.12,Desktop,Bangalore,Food,16,Yes,1
1037,Payment,25546.78,63,Female,5837.18,Mobile,Kolkata,Travel,2,No,0
1038,Transfer,72003.45,37,Female,335111.99,Desktop,Bangalore,Fashion,17,Yes,1
1039,Deposit,67764.06,29,Female,206007.21,Mobile,Kolkata,Fashion,6,No,0
1040,Withdrawal,46552.32,46,Male,258031.13,Mobile,Delhi,Fashion,16,No,0
1041,Payment,67312.29,32,Male,77940.21,Mobile,Mumbai,Travel,19,Yes,1
1042,Payment,71862.76,42,Female,202828.17,Mobile,Delhi,Electronics,13,Yes,1
1043,Deposit,5116.82,33,Male,230948.6,Desktop,Chennai,Food,19,No,0
1044,Deposit,61303.97,64,Female,416131.74,Desktop,Mumbai,Travel,14,No,0
1045,Withdrawal,76604.79,51,Female,315240.48,Desktop,Bangalore,Electronics,22,No,1
1046,Withdrawal,32038.99,52,Male,73495.16,Mobile,Bangalore,Grocery,22,Yes,1
1047,Deposit,33155.05,47,Female,35821.53,Desktop,Bangalore,Food,22,Yes,0
1048,Deposit,47750.28,40,Female,377970.19,Desktop,Chennai,Food,19,Yes,0
1049,Withdrawal,43640.01,19,Female,171384.12,Desktop,Mumbai,Travel,4,Yes,0
1050,Transfer,8486.35,45,Male,434091.42,Mobile,Delhi,Fashion,12,No,0
1051,Withdrawal,33816.3,42,Female,377244.86,Desktop,Kolkata,Electronics,15,Yes,0
1052,Transfer,99990.79,40,Male,326821.33,Mobile,Delhi,Grocery,6,Yes,1
1053,Payment,12709.48,60,Male,284164.94,Mobile,Bangalore,Fashion,11,Yes,0
1054,Transfer,77801.41,28,Female,58508.88,Mobile,Kolkata,Food,21,No,1
1055,Payment,7692.05,62,Male,55441.15,Desktop,Chennai,Electronics,18,Yes,1
1056,Deposit,66185.98,22,Female,11262.81,Desktop,Bangalore,Electronics,13,No,0
1057,Deposit,70760.13,45,Male,368228.68,Desktop,Chennai,Food,15,No,0
1058,Withdrawal,32298.23,33,Male,143069.48,Desktop,Mumbai,Travel,18,No,0
1059,Deposit,85110.19,29,Female,109999.33,Desktop,Kolkata,Fashion,19,No,0
1060,Payment,8652.73,64,Female,246846.03,Mobile,Bangalore,Travel,14,Yes,1
1061,Payment,40499.67,33,Female,333660.21,Desktop,Bangalore,Food,16,No,0
1062,Withdrawal,35245.87,47,Female,156778.38,Mobile,Delhi,Grocery,10,Yes,0
1063,Payment,19234.94,65,Female,141867.32,Desktop,Delhi,Grocery,9,Yes,1
1064,Withdrawal,1513.42,52,Male,140784.11,Mobile,Chennai,Fashion,22,Yes,0
1065,Deposit,10348.51,18,Female,237351.49,Desktop,Kolkata,Grocery,1,No,0
1066,Deposit,11497.31,22,Female,248414.55,Mobile,Mumbai,Grocery,18,No,0
1067,Payment,11933.31,66,Female,305127.24,Mobile,Chennai,Travel,14,No,0
1068,Deposit,30607.49,57,Male,306767.3,Mobile,Mumbai,Grocery,8,Yes,1
1069,Payment,55244.03,28,Male,207216.2,Desktop,Kolkata,Electronics,7,No,0
1070,Deposit,7210.86,32,Female,394974.87,Mobile,Bangalore,Electronics,17,Yes,0
1071,Withdrawal,82680.45,22,Male,87131.78,Desktop,Chennai,Food,9,No,1
1072,Withdrawal,70003.4,35,Female,221690.64,Mobile,Bangalore,Fashion,19,No,1
1073,Payment,96194.92,54,Male,499788.35,Desktop,Chennai,Electronics,5,No,0
1074,Deposit,91615.67,29,Female,319218.44,Desktop,Delhi,Travel,11,No,0
1075,Transfer,85787.54,39,Female,348368.47,Desktop,Bangalore,Food,1,No,1
1076,Withdrawal,32395.05,67,Female,433130.74,Mobile,Chennai,Travel,13,Yes,1
1077,Withdrawal,62301.12,49,Female,381195.32,Mobile,Kolkata,Food,4,No,0
1078,Deposit,12230.47,58,Male,356342.5,Desktop,Chennai,Electronics,17,No,0
1079,Transfer,46198.64,25,Male,251695.87,Desktop,Chennai,Fashion,13,No,0
1080,Payment,45732.97,27,Female,99352.13,Mobile,Delhi,Fashion,13,No,0
1081,Withdrawal,82072.89,36,Female,419550.58,Desktop,Mumbai,Travel,17,No,0
1082,Deposit,45588.93,38,Male,490483.44,Mobile,Chennai,Travel,7,No,0
1083,Deposit,70552.27,69,Female,196108.98,Mobile,Bangalore,Electronics,4,No,0
1084,Deposit,10061.2,47,Male,362609.69,Desktop,Mumbai,Electronics,15,No,0
1085,Deposit,65018.68,39,Female,477299.1,Desktop,Chennai,Electronics,19,Yes,1
1086,Withdrawal,99742.85,65,Male,219815.88,Mobile,Delhi,Travel,5,No,0
1087,Transfer,32505.03,21,Female,182439.35,Desktop,Mumbai,Grocery,16,No,0
1088,Payment,17081.37,23,Female,311756.63,Mobile,Bangalore,Food,4,Yes,1
1089,Withdrawal,46011.09,60,Male,449959.72,Desktop,Kolkata,Food,5,Yes,0
1090,Withdrawal,98766.4,37,Female,346705.19,Desktop,Kolkata,Grocery,12,No,1
1091,Deposit,57235.08,54,Female,496382.56,Desktop,Delhi,Travel,8,Yes,1
1092,Transfer,91070.63,65,Female,417255.26,Desktop,Mumbai,Food,11,Yes,1
1093,Withdrawal,67808.67,64,Male,315982.81,Mobile,Kolkata,Travel,1,No,0
1094,Transfer,90971.82,38,Female,91941.83,Mobile,Chennai,Fashion,16,No,0
1095,Withdrawal,91413.49,48,Female,374546.88,Desktop,Delhi,Travel,2,Yes,1
1096,Payment,86028.05,64,Female,483798.52,Desktop,Delhi,Travel,0,No,0
1097,Deposit,36921.71,65,Female,294357.25,Desktop,Delhi,Grocery,15,Yes,0
1098,Withdrawal,91534.07,32,Male,319524.94,Desktop,Kolkata,Travel,3,Yes,1
1099,Transfer,30506.02,49,Male,53110.04,Mobile,Bangalore,Travel,11,No,0
1100,Payment,88552.84,59,Male,417678.08,Desktop,Kolkata,Electronics,22,No,1
1101,Deposit,95060.46,41,Male,490559.22,Desktop,Chennai,Fashion,1,No,1
1102,Transfer,94906.18,70,Female,50378.34,Mobile,Chennai,Electronics,1,No,1
1103,Payment,78719.11,31,Male,415759.83,Mobile,Chennai,Grocery,7,No,0
1104,Transfer,27799.76,27,Male,272406.65,Mobile,Delhi,Electronics,4,Yes,1
1105,Payment,58926.41,19,Male,136356.92,Mobile,Bangalore,Food,3,Yes,1
1106,Withdrawal,51372.47,24,Female,254400.15,Mobile,Chennai,Fashion,14,Yes,1
1107,Deposit,84745.12,45,Male,247683.08,Desktop,Delhi,Electronics,10,Yes,1
1108,Withdrawal,62469.32,55,Female,193547.68,Desktop,Bangalore,Food,19,No,1
1109,Transfer,85293.99,59,Male,217884.62,Mobile,Bangalore,Fashion,14,No,1
1110,Transfer,31323.58,38,Female,190279.01,Mobile,Bangalore,Electronics,2,Yes,1
1111,Transfer,74484.44,41,Male,280403.51,Desktop,Delhi,Travel,11,No,0
1112,Transfer,96843.02,56,Female,179064.86,Mobile,Mumbai,Travel,7,Yes,1
1113,Withdrawal,11577.04,35,Male,404574.58,Mobile,Chennai,Fashion,0,Yes,1
1114,Withdrawal,92161.6,40,Male,94795.75,Mobile,Chennai,Travel,2,Yes,1
1115,Transfer,9266.59,51,Male,191216.23,Desktop,Kolkata,Grocery,11,No,0
1116,Transfer,88345.88,27,Male,378445.76,Mobile,Delhi,Fashion,14,No,1
1117,Deposit,41476.96,31,Male,175860.56,Mobile,Kolkata,Food,15,No,0
1118,Deposit,98446.12,21,Male,106189.45,Mobile,Mumbai,Fashion,9,No,1
1119,Deposit,74726.71,29,Male,193202.69,Mobile,Chennai,Food,21,No,1
1120,Transfer,43678.34,47,Male,431744.46,Desktop,Chennai,Travel,22,No,1
1121,Deposit,2183.57,38,Male,401654.47,Desktop,Kolkata,Electronics,13,Yes,1
1122,Deposit,52443.86,43,Female,374173.39,Mobile,Kolkata,Grocery,2,Yes,1
1123,Payment,90601.68,40,Female,365052.66,Mobile,Mumbai,Electronics,4,No,1
1124,Payment,76045.51,59,Male,92687.33,Desktop,Bangalore,Food,18,No,0
1125,Withdrawal,86438.26,58,Female,79723.91,Mobile,Bangalore,Travel,20,No,0
1126,Transfer,35259.03,22,Female,233562.53,Mobile,Delhi,Fashion,9,Yes,0
1127,Transfer,61539.34,50,Female,234042.27,Mobile,Bangalore,Food,20,Yes,1
1128,Deposit,50186.59,21,Female,56233.43,Desktop,Delhi,Food,20,Yes,1
1129,Deposit,99099.5,51,Male,185129.49,Desktop,Bangalore,Travel,10,Yes,0
1130,Withdrawal,6684.59,24,Female,145652.75,Mobile,Kolkata,Electronics,18,Yes,0
1131,Withdrawal,96772.88,62,Female,68831.07,Mobile,Kolkata,Food,12,No,0
1132,Transfer,64637.88,45,Female,14024.12,Desktop,Mumbai,Grocery,10,No,1
1133,Payment,15579.02,36,Male,256306.41,Mobile,Kolkata,Food,4,No,0
1134,Payment,83151.37,67,Male,361985.58,Mobile,Bangalore,Fashion,21,Yes,0
1135,Withdrawal,75263.88,68,Female,120831.46,Mobile,Kolkata,Travel,6,No,0
1136,Deposit,46221.83,36,Female,253938.81,Desktop,Mumbai,Grocery,19,Yes,0
1137,Transfer,64153.79,41,Male,357143.48,Mobile,Kolkata,Electronics,5,No,1
1138,Payment,83121.57,23,Male,409268.11,Desktop,Delhi,Travel,1,No,0
1139,Payment,38678.0,23,Female,116146.69,Desktop,Delhi,Fashion,4,Yes,1
1140,Deposit,69637.59,26,Female,227057.73,Mobile,Delhi,Electronics,8,Yes,0
1141,Deposit,11207.57,36,Male,154069.84,Mobile,Mumbai,Travel,20,No,0
1142,Deposit,59714.23,19,Male,360679.44,Desktop,Bangalore,Electronics,19,No,1
1143,Deposit,18812.66,60,Male,264124.86,Desktop,Delhi,Food,17,Yes,1
1144,Deposit,4449.09,42,Female,130556.88,Mobile,Kolkata,Electronics,11,Yes,0
1145,Transfer,77172.99,65,Female,71037.75,Desktop,Chennai,Fashion,20,Yes,1
1146,Deposit,98083.84,48,Male,406691.35,Mobile,Bangalore,Electronics,9,Yes,1
1147,Payment,88590.46,38,Female,260114.88,Desktop,Kolkata,Electronics,20,Yes,1
1148,Transfer,86593.25,39,Female,66615.13,Desktop,Bangalore,Travel,23,No,0
1149,Deposit,33969.76,29,Female,347573.9,Desktop,Chennai,Fashion,2,No,1
1150,Payment,54592.89,38,Male,44634.11,Desktop,Kolkata,Travel,19,No,1
1151,Deposit,35219.54,20,Female,309351.48,Desktop,Kolkata,Electronics,2,No,0
1152,Payment,95283.66,27,Female,22225.49,Mobile,Mumbai,Fashion,11,No,0
1153,Transfer,60548.97,61,Female,474667.65,Desktop,Bangalore,Electronics,18,Yes,1
1154,Deposit,31507.11,35,Male,480457.43,Mobile,Mumbai,Travel,16,No,0
1155,Transfer,26251.49,34,Female,111212.36,Desktop,Bangalore,Grocery,3,Yes,0
1156,Deposit,17348.37,63,Female,498644.89,Desktop,Kolkata,Electronics,17,No,0
1157,Payment,71209.73,62,Male,397879.71,Mobile,Delhi,Grocery,4,Yes,1
1158,Transfer,36153.56,54,Female,236365.89,Mobile,Chennai,Electronics,2,No,0
1159,Deposit,52617.0,67,Female,412553.0,Mobile,Mumbai,Fashion,20,Yes,1
1160,Withdrawal,12920.63,67,Male,385051.91,Mobile,Bangalore,Food,1,Yes,0
1161,Withdrawal,16549.24,38,Male,176281.43,Desktop,Delhi,Fashion,6,No,0
1162,Withdrawal,61481.39,23,Male,297945.18,Mobile,Mumbai,Food,23,No,0
1163,Transfer,82541.1,19,Male,27503.59,Desktop,Mumbai,Food,13,Yes,1
1164,Withdrawal,64226.54,37,Female,126214.57,Desktop,Kolkata,Travel,2,Yes,1
1165,Deposit,48476.69,31,Female,305296.83,Desktop,Kolkata,Fashion,12,Yes,0
1166,Transfer,31979.68,47,Male,137398.48,Mobile,Mumbai,Electronics,1,No,0
1167,Deposit,24902.2,28,Female,467207.01,Desktop,Mumbai,Grocery,15,No,0
1168,Withdrawal,49787.29,23,Female,255195.01,Mobile,Mumbai,Food,11,Yes,1
1169,Deposit,59792.13,59,Female,146445.45,Mobile,Delhi,Travel,4,No,0
1170,Deposit,36657.14,43,Male,287289.41,Mobile,Kolkata,Food,9,Yes,1
1171,Deposit,76463.97,35,Male,68688.38,Mobile,Bangalore,Fashion,10,No,0
1172,Payment,60286.05,43,Male,27425.16,Mobile,Kolkata,Travel,16,No,1
1173,Payment,32863.79,57,Female,85438.51,Desktop,Chennai,Fashion,16,No,0
1174,Withdrawal,47541.77,19,Female,168963.6,Mobile,Bangalore,Food,9,Yes,0
1175,Withdrawal,96710.36,68,Male,362093.06,Desktop,Mumbai,Food,20,No,1
1176,Payment,3253.89,62,Male,99438.24,Desktop,Kolkata,Travel,4,No,0
1177,Deposit,50231.77,57,Female,437044.77,Mobile,Mumbai,Food,6,No,0
1178,Deposit,52595.17,38,Male,232533.45,Desktop,Chennai,Fashion,21,No,0
1179,Payment,95738.01,35,Female,116309.18,Desktop,Kolkata,Grocery,22,No,1
1180,Withdrawal,56092.71,68,Female,147455.74,Desktop,Bangalore,Fashion,4,No,1
1181,Transfer,34701.72,46,Female,374932.56,Mobile,Mumbai,Food,8,No,1
1182,Payment,24321.56,60,Male,320782.56,Mobile,Delhi,Travel,10,No,0
1183,Payment,617.63,53,Male,206419.19,Desktop,Bangalore,Grocery,9,No,0
1184,Transfer,90802.9,23,Male,269900.38,Mobile,Mumbai,Travel,5,Yes,0
1185,Deposit,78817.27,29,Female,438987.87,Mobile,Kolkata,Food,19,Yes,0
1186,Withdrawal,28527.71,59,Female,445183.68,Mobile,Chennai,Travel,8,Yes,0
1187,Withdrawal,16333.18,47,Female,360706.1,Mobile,Kolkata,Fashion,18,Yes,1
1188,Deposit,82716.28,50,Female,47935.2,Mobile,Mumbai,Grocery,15,No,0
1189,Transfer,26152.45,33,Female,378109.54,Desktop,Kolkata,Food,23,Yes,1
1190,Withdrawal,69307.58,21,Male,235370.52,Mobile,Bangalore,Food,22,No,0
1191,Withdrawal,36817.64,32,Male,478893.47,Desktop,Mumbai,Travel,23,No,0
1192,Deposit,75759.32,69,Male,382120.51,Mobile,Chennai,Travel,16,No,1
1193,Transfer,6269.63,53,Male,288487.33,Mobile,Mumbai,Fashion,16,No,1
1194,Payment,71720.1,49,Male,449950.23,Desktop,Delhi,Travel,4,No,0
1195,Transfer,55923.84,61,Female,363023.64,Desktop,Kolkata,Electronics,23,Yes,1
1196,Transfer,42427.37,62,Male,272875.93,Mobile,Delhi,Travel,1,No,0
1197,Payment,76606.19,64,Female,190358.16,Desktop,Bangalore,Travel,12,Yes,1
1198,Payment,65388.06,40,Male,93344.45,Desktop,Chennai,Grocery,23,Yes,0
1199,Transfer,97851.22,47,Female,268307.14,Mobile,Mumbai,Travel,11,Yes,1
1200,Transfer,3318.51,60,Female,309386.99,Mobile,Mumbai,Grocery,2,Yes,1
1201,Deposit,59818.71,63,Male,126143.4,Mobile,Bangalore,Travel,7,Yes,0
1202,Transfer,14099.54,36,Male,408814.2,Desktop,Chennai,Food,21,No,0
1203,Payment,98570.99,51,Male,209712.3,Desktop,Delhi,Food,18,Yes,1
1204,Deposit,55629.48,21,Female,471085.27,Desktop,Chennai,Fashion,22,No,0
1205,Withdrawal,37708.37,66,Female,124279.25,Mobile,Kolkata,Grocery,14,Yes,0
1206,Deposit,55772.95,26,Female,125214.97,Mobile,Kolkata,Electronics,14,No,1
1207,Payment,5248.51,42,Male,437442.13,Mobile,Chennai,Food,6,No,0
1208,Withdrawal,30388.48,18,Male,468894.08,Mobile,Bangalore,Grocery,22,Yes,1
1209,Payment,55252.72,67,Female,193427.56,Desktop,Kolkata,Fashion,11,No,0
1210,Deposit,76186.73,38,Male,188498.94,Desktop,Delhi,Food,7,Yes,1
1211,Deposit,29589.71,30,Female,118859.22,Mobile,Bangalore,Food,20,No,0
1212,Deposit,96654.18,59,Female,233110.35,Desktop,Mumbai,Grocery,23,No,1
1213,Transfer,52442.05,22,Male,383347.73,Desktop,Mumbai,Grocery,2,Yes,1
1214,Deposit,37382.75,57,Female,331345.75,Mobile,Delhi,Food,17,No,0
1215,Withdrawal,53620.24,36,Male,253596.94,Desktop,Mumbai,Electronics,3,Yes,1
1216,Withdrawal,81539.92,35,Female,44114.53,Desktop,Bangalore,Food,7,Yes,1
1217,Transfer,65408.2,59,Male,51282.75,Desktop,Bangalore,Food,15,Yes,1
1218,Payment,8360.34,45,Female,285099.03,Mobile,Chennai,Electronics,7,Yes,0
1219,Deposit,27182.4,22,Female,450159.27,Mobile,Mumbai,Fashion,0,Yes,0
1220,Deposit,92894.61,37,Male,284159.31,Desktop,Chennai,Fashion,12,Yes,0
1221,Transfer,50129.21,40,Male,53354.46,Mobile,Delhi,Fashion,19,No,0
1222,Withdrawal,3059.6,35,Female,247848.71,Desktop,Chennai,Travel,13,Yes,0
1223,Deposit,8660.84,57,Female,400037.31,Mobile,Delhi,Fashion,4,No,0
1224,Payment,73991.56,38,Female,57742.7,Mobile,Kolkata,Travel,11,No,1
1225,Transfer,18820.44,46,Female,56130.0,Mobile,Kolkata,Food,2,No,0
1226,Transfer,29255.55,42,Male,363797.7,Mobile,Chennai,Food,5,No,1
1227,Withdrawal,30183.01,49,Male,36317.24,Desktop,Kolkata,Travel,9,No,0
1228,Withdrawal,25244.8,33,Female,298934.17,Mobile,Bangalore,Electronics,4,No,1
1229,Deposit,33288.5,57,Female,403017.85,Desktop,Bangalore,Fashion,13,Yes,1
1230,Payment,47953.07,29,Female,484518.98,Desktop,Bangalore,Food,7,No,0
1231,Deposit,36565.05,54,Male,298152.38,Mobile,Chennai,Electronics,23,No,0
1232,Payment,43901.65,36,Male,410387.96,Desktop,Bangalore,Grocery,20,No,0
1233,Payment,71552.12,68,Female,41612.74,Desktop,Chennai,Travel,17,No,0
1234,Withdrawal,70193.27,69,Male,59137.87,Mobile,Kolkata,Grocery,20,Yes,1
1235,Deposit,96684.43,39,Female,57442.55,Mobile,Kolkata,Grocery,16,Yes,1
1236,Deposit,46360.01,61,Male,175758.86,Mobile,Bangalore,Electronics,9,No,0
1237,Transfer,11695.33,64,Male,177422.68,Desktop,Bangalore,Grocery,16,No,0
1238,Transfer,43872.78,62,Female,162860.19,Desktop,Delhi,Electronics,0,No,0
1239,Payment,92999.25,65,Male,260416.98,Mobile,Kolkata,Food,13,No,1
1240,Deposit,63013.06,29,Female,200813.28,Mobile,Bangalore,Food,13,No,1
1241,Payment,20657.87,66,Male,290787.21,Mobile,Kolkata,Fashion,6,No,0
1242,Deposit,52818.73,58,Female,300500.56,Desktop,Chennai,Electronics,11,No,0
1243,Payment,81392.45,63,Female,459747.88,Mobile,Mumbai,Fashion,3,Yes,1
1244,Payment,37393.28,27,Female,212028.36,Mobile,Chennai,Travel,13,Yes,0
1245,Payment,55535.77,49,Female,74446.78,Desktop,Bangalore,Food,1,No,0
1246,Deposit,13739.82,70,Female,482095.4,Desktop,Bangalore,Travel,13,No,0
1247,Transfer,56583.24,68,Male,149584.51,Desktop,Mumbai,Food,9,Yes,1
1248,Deposit,55017.65,25,Male,137605.01,Desktop,Chennai,Electronics,23,No,0
1249,Deposit,10331.4,59,Male,152365.92,Mobile,Bangalore,Fashion,11,Yes,0
1250,Transfer,77585.6,33,Male,406297.84,Desktop,Chennai,Travel,5,Yes,1
1251,Payment,80563.51,54,Female,268478.99,Mobile,Kolkata,Fashion,9,No,0
1252,Transfer,13645.33,66,Female,459790.51,Desktop,Mumbai,Grocery,7,Yes,0
1253,Payment,76171.21,61,Female,247282.07,Desktop,Bangalore,Travel,14,Yes,1
1254,Transfer,40344.79,65,Female,348878.29,Desktop,Bangalore,Travel,10,Yes,0
1255,Transfer,73120.1,47,Female,425802.59,Desktop,Mumbai,Travel,6,No,1
1256,Withdrawal,33841.74,54,Male,285240.34,Desktop,Kolkata,Electronics,1,Yes,0
1257,Deposit,1726.51,28,Female,230976.48,Desktop,Mumbai,Grocery,20,No,0
1258,Withdrawal,9424.66,41,Female,45798.16,Mobile,Delhi,Travel,20,No,0
1259,Payment,42980.17,23,Male,5537.72,Desktop,Delhi,Grocery,18,Yes,0
1260,Deposit,1027.77,62,Female,409468.97,Desktop,Mumbai,Travel,2,Yes,1
1261,Transfer,10409.83,41,Female,72879.0,Mobile,Mumbai,Electronics,16,Yes,0
1262,Payment,44065.93,64,Male,315899.62,Mobile,Bangalore,Food,21,No,0
1263,Transfer,89669.64,26,Male,296839.09,Desktop,Kolkata,Travel,10,Yes,1
1264,Transfer,24891.89,56,Female,390589.98,Mobile,Kolkata,Grocery,16,Yes,0
1265,Withdrawal,64652.36,68,Male,249969.42,Mobile,Mumbai,Travel,20,Yes,1
1266,Transfer,98689.57,38,Male,196484.93,Desktop,Kolkata,Food,21,Yes,1
1267,Transfer,1767.27,22,Male,134781.71,Mobile,Delhi,Travel,16,No,0
1268,Deposit,42415.17,43,Male,322065.96,Mobile,Kolkata,Electronics,9,Yes,0
1269,Payment,97433.91,27,Female,198412.09,Mobile,Kolkata,Travel,23,Yes,1
1270,Transfer,92470.31,25,Female,308086.91,Mobile,Kolkata,Grocery,3,Yes,1
1271,Transfer,16466.88,40,Female,87646.66,Mobile,Kolkata,Electronics,0,No,0
1272,Withdrawal,52433.04,34,Male,250593.05,Desktop,Delhi,Travel,18,Yes,1
1273,Withdrawal,77355.56,54,Male,118060.19,Mobile,Delhi,Electronics,7,Yes,1
1274,Deposit,92030.63,29,Male,278668.07,Desktop,Mumbai,Fashion,7,No,0
1275,Withdrawal,27198.67,22,Female,64103.46,Mobile,Mumbai,Grocery,16,Yes,0
1276,Transfer,87711.42,36,Female,167013.96,Desktop,Delhi,Fashion,6,No,0
1277,Withdrawal,73983.64,33,Female,187295.45,Desktop,Mumbai,Food,7,Yes,1
1278,Deposit,2488.63,52,Female,319791.21,Mobile,Kolkata,Electronics,21,No,0
1279,Withdrawal,10484.51,51,Male,212808.84,Mobile,Mumbai,Fashion,2,Yes,0
1280,Deposit,70114.61,41,Female,487404.62,Mobile,Chennai,Electronics,16,Yes,1
1281,Deposit,7575.57,54,Male,220316.52,Mobile,Mumbai,Fashion,8,No,0
1282,Deposit,70102.49,65,Female,162438.57,Desktop,Mumbai,Electronics,6,Yes,0
1283,Transfer,15625.51,28,Female,235697.28,Desktop,Delhi,Food,11,Yes,1
1284,Deposit,26574.29,25,Male,83019.61,Desktop,Chennai,Electronics,6,No,0
1285,Payment,96843.16,43,Male,340205.77,Desktop,Mumbai,Electronics,12,No,0
1286,Payment,9563.06,24,Male,65119.36,Mobile,Mumbai,Grocery,6,No,0
1287,Transfer,58274.15,34,Male,15791.09,Mobile,Mumbai,Travel,4,Yes,1
1288,Withdrawal,12340.51,47,Male,88154.66,Desktop,Bangalore,Travel,0,No,0
1289,Payment,35458.93,29,Female,143528.0,Mobile,Delhi,Food,19,Yes,0
1290,Deposit,41258.02,53,Female,35184.64,Desktop,Bangalore,Grocery,13,Yes,0
1291,Payment,63112.36,69,Male,494754.79,Desktop,Bangalore,Food,15,No,0
1292,Withdrawal,38899.29,29,Male,162844.4,Mobile,Delhi,Fashion,1,No,0
1293,Payment,97400.59,24,Male,330147.89,Desktop,Chennai,Electronics,7,No,0
1294,Payment,17692.43,55,Female,404074.06,Desktop,Chennai,Electronics,22,No,0
1295,Payment,56354.58,30,Female,273351.68,Mobile,Bangalore,Electronics,2,Yes,1
1296,Payment,2090.81,48,Male,169208.33,Mobile,Mumbai,Fashion,22,Yes,0
1297,Withdrawal,6049.64,27,Male,388311.42,Desktop,Delhi,Fashion,22,No,0
1298,Withdrawal,30246.34,26,Male,367514.25,Desktop,Bangalore,Fashion,5,No,0
1299,Payment,37900.57,64,Female,68037.44,Mobile,Chennai,Travel,18,Yes,1
1300,Withdrawal,92111.72,57,Male,321625.15,Mobile,Bangalore,Grocery,10,Yes,1
1301,Withdrawal,16871.95,23,Female,226081.82,Desktop,Mumbai,Grocery,22,Yes,1
1302,Transfer,72069.32,21,Female,221918.97,Desktop,Mumbai,Travel,15,No,1
1303,Deposit,10232.71,48,Male,85514.97,Mobile,Delhi,Fashion,0,No,0
1304,Transfer,7512.62,28,Female,84647.72,Mobile,Chennai,Electronics,10,No,0
1305,Deposit,94249.98,28,Female,82766.37,Mobile,Kolkata,Grocery,6,No,0
1306,Withdrawal,66093.73,37,Male,52478.38,Desktop,Chennai,Food,15,Yes,1
1307,Transfer,42817.84,36,Female,103839.03,Mobile,Mumbai,Grocery,20,No,0
1308,Deposit,84392.53,37,Female,238117.5,Desktop,Delhi,Food,12,Yes,1
1309,Deposit,37003.23,46,Male,135331.5,Desktop,Kolkata,Grocery,8,Yes,1
1310,Transfer,8662.16,40,Female,485499.24,Mobile,Chennai,Electronics,12,No,0
1311,Deposit,57314.16,33,Female,152931.79,Desktop,Delhi,Food,18,Yes,1
1312,Deposit,17370.61,28,Male,405188.06,Mobile,Delhi,Travel,2,No,0
1313,Payment,83427.4,34,Female,455848.22,Mobile,Delhi,Travel,17,No,0
1314,Withdrawal,52016.85,18,Female,60696.83,Mobile,Mumbai,Food,18,Yes,0
1315,Transfer,78595.99,52,Female,439557.31,Desktop,Bangalore,Travel,18,No,1
1316,Withdrawal,40357.1,57,Female,24197.35,Desktop,Mumbai,Electronics,23,No,0
1317,Withdrawal,2121.27,70,Female,158919.9,Desktop,Delhi,Grocery,4,No,0
1318,Deposit,77425.69,38,Female,365755.71,Mobile,Mumbai,Travel,6,No,0
1319,Withdrawal,82119.64,50,Male,37480.4,Desktop,Mumbai,Food,18,Yes,1
1320,Payment,83713.97,33,Male,230942.09,Desktop,Mumbai,Fashion,11,No,0
1321,Transfer,68149.32,33,Female,246949.44,Desktop,Mumbai,Travel,18,No,1
1322,Withdrawal,74921.22,62,Male,146109.34,Desktop,Delhi,Grocery,18,Yes,0
1323,Payment,67801.76,35,Female,259074.21,Mobile,Bangalore,Grocery,20,Yes,1
1324,Transfer,22454.63,56,Female,357806.54,Desktop,Bangalore,Travel,11,No,0
1325,Deposit,30284.29,51,Female,294321.14,Mobile,Chennai,Fashion,17,No,0
1326,Transfer,48225.67,39,Female,322094.4,Desktop,Kolkata,Fashion,6,Yes,1
1327,Payment,89978.74,69,Female,331962.51,Mobile,Delhi,Travel,9,No,0
1328,Deposit,38888.66,20,Male,174867.69,Mobile,Chennai,Travel,21,No,0
1329,Payment,84079.81,53,Male,150423.11,Desktop,Mumbai,Fashion,23,Yes,0
1330,Withdrawal,65478.02,32,Female,115547.32,Desktop,Bangalore,Fashion,11,No,0
1331,Deposit,85136.27,48,Male,433864.72,Mobile,Bangalore,Grocery,16,Yes,0
1332,Deposit,53030.87,44,Male,436070.33,Mobile,Mumbai,Grocery,10,No,0
1333,Deposit,14408.09,63,Male,390575.88,Desktop,Kolkata,Grocery,10,Yes,1
1334,Withdrawal,21017.3,67,Male,290258.06,Mobile,Bangalore,Electronics,4,No,0
1335,Deposit,42959.64,48,Female,7311.22,Mobile,Kolkata,Electronics,10,Yes,1
1336,Transfer,62706.02,33,Male,348294.75,Desktop,Kolkata,Grocery,3,No,1
1337,Withdrawal,16785.32,70,Male,152610.12,Desktop,Bangalore,Food,19,No,0
1338,Payment,34339.01,49,Female,376307.21,Mobile,Bangalore,Electronics,7,Yes,0
1339,Payment,21197.9,19,Male,65965.18,Mobile,Bangalore,Fashion,17,Yes,0
1340,Transfer,66230.79,59,Male,28876.35,Mobile,Bangalore,Travel,12,Yes,1
1341,Deposit,70216.63,31,Male,154052.65,Mobile,Chennai,Fashion,19,Yes,1
1342,Transfer,51207.32,57,Male,144939.85,Mobile,Bangalore,Grocery,19,Yes,1
1343,Payment,35856.39,44,Female,84384.93,Desktop,Mumbai,Travel,10,Yes,1
1344,Transfer,90697.32,54,Female,78826.52,Mobile,Chennai,Electronics,23,Yes,1
1345,Payment,45729.45,36,Female,234817.29,Mobile,Mumbai,Electronics,9,No,0
1346,Withdrawal,42656.92,25,Male,426366.72,Mobile,Delhi,Grocery,21,Yes,1
1347,Deposit,95513.41,35,Male,189447.97,Desktop,Mumbai,Electronics,12,No,0
1348,Withdrawal,83587.26,62,Female,400950.05,Mobile,Delhi,Grocery,22,Yes,0
1349,Payment,10460.94,55,Female,402121.07,Desktop,Mumbai,Food,12,No,0
1350,Payment,48359.66,49,Male,444358.99,Desktop,Delhi,Electronics,8,No,0
1351,Payment,97791.77,60,Female,261954.34,Mobile,Bangalore,Grocery,15,No,0
1352,Deposit,14950.58,70,Male,10764.21,Mobile,Chennai,Travel,15,Yes,1
1353,Deposit,32131.32,39,Female,29923.6,Mobile,Chennai,Travel,12,Yes,1
1354,Deposit,80146.0,46,Male,429011.67,Desktop,Kolkata,Electronics,15,Yes,1
1355,Deposit,3679.61,53,Male,413824.84,Desktop,Chennai,Food,6,No,0
1356,Withdrawal,82548.57,70,Male,422937.13,Desktop,Chennai,Food,19,No,0
1357,Withdrawal,71619.76,25,Male,380863.38,Mobile,Delhi,Fashion,11,No,0
1358,Withdrawal,70239.4,20,Male,248748.96,Desktop,Delhi,Fashion,19,Yes,1
1359,Deposit,21637.39,70,Male,359810.02,Mobile,Bangalore,Electronics,20,Yes,0
1360,Deposit,45793.05,55,Male,482108.1,Mobile,Chennai,Electronics,17,No,0
1361,Deposit,92444.65,67,Male,347449.77,Mobile,Mumbai,Electronics,12,No,0
1362,Deposit,41924.61,56,Male,140429.96,Desktop,Kolkata,Travel,4,Yes,1
1363,Withdrawal,84323.14,53,Female,357377.81,Mobile,Mumbai,Grocery,19,No,0
1364,Payment,98135.42,59,Male,254427.25,Desktop,Delhi,Fashion,17,No,0
1365,Deposit,67456.92,52,Female,439351.23,Desktop,Delhi,Food,3,Yes,1
1366,Transfer,67058.39,30,Female,376341.58,Mobile,Kolkata,Fashion,4,Yes,1
1367,Withdrawal,20479.69,52,Male,182547.81,Desktop,Delhi,Food,21,Yes,0
1368,Deposit,23835.79,68,Female,348003.36,Mobile,Bangalore,Travel,13,No,0
1369,Transfer,1395.23,34,Male,312178.04,Desktop,Mumbai,Fashion,18,Yes,0
1370,Payment,29488.35,29,Male,97553.41,Mobile,Chennai,Electronics,12,Yes,0
1371,Withdrawal,13093.65,55,Female,7794.34,Desktop,Mumbai,Electronics,4,No,0
1372,Withdrawal,49106.04,54,Female,41075.99,Desktop,Chennai,Grocery,5,Yes,0
1373,Payment,41651.53,52,Female,50513.05,Mobile,Mumbai,Fashion,10,No,0
1374,Deposit,99663.45,70,Male,61787.37,Desktop,Bangalore,Grocery,20,Yes,0
1375,Withdrawal,38199.12,68,Male,196008.59,Desktop,Delhi,Food,11,No,0
1376,Withdrawal,89838.33,30,Female,259377.88,Mobile,Mumbai,Food,17,Yes,1
1377,Payment,67066.48,67,Male,433150.67,Desktop,Delhi,Grocery,17,No,0
1378,Transfer,74714.39,27,Male,232316.49,Desktop,Delhi,Electronics,2,Yes,1
1379,Withdrawal,55852.61,54,Male,455938.35,Desktop,Bangalore,Travel,20,No,0
1380,Transfer,39011.24,25,Male,322504.26,Mobile,Chennai,Electronics,22,Yes,1
1381,Transfer,29054.68,61,Female,305250.09,Desktop,Bangalore,Travel,12,Yes,1
1382,Payment,13724.51,43,Female,480266.46,Mobile,Kolkata,Fashion,0,Yes,1
1383,Transfer,57314.59,43,Male,155822.12,Desktop,Mumbai,Travel,20,Yes,1
1384,Payment,61726.8,34,Male,61738.16,Mobile,Chennai,Travel,20,Yes,1
1385,Transfer,25143.69,30,Female,476012.25,Desktop,Mumbai,Grocery,3,No,0
1386,Payment,31846.82,46,Female,310089.5,Desktop,Chennai,Grocery,18,No,0
1387,Deposit,16947.09,38,Male,393901.76,Desktop,Kolkata,Fashion,4,No,0
1388,Deposit,44591.26,67,Female,246050.83,Mobile,Mumbai,Food,2,No,0
1389,Payment,89140.57,30,Female,368104.59,Mobile,Delhi,Electronics,16,Yes,0
1390,Deposit,76943.11,31,Male,278039.03,Desktop,Mumbai,Fashion,12,Yes,0
1391,Withdrawal,13474.74,50,Male,201408.65,Mobile,Mumbai,Food,21,Yes,0
1392,Payment,44677.42,29,Male,369280.31,Desktop,Kolkata,Electronics,7,No,0
1393,Withdrawal,37006.58,20,Male,261353.19,Desktop,Bangalore,Travel,14,Yes,1
1394,Withdrawal,10412.18,51,Female,418261.77,Desktop,Chennai,Food,18,Yes,1
1395,Deposit,36593.15,59,Male,260748.13,Desktop,Mumbai,Food,12,No,0
1396,Withdrawal,48737.47,48,Male,253409.31,Mobile,Bangalore,Grocery,7,Yes,0
1397,Withdrawal,21230.56,29,Male,184300.36,Mobile,Mumbai,Travel,10,Yes,0
1398,Deposit,47954.21,55,Male,325393.32,Desktop,Delhi,Grocery,1,Yes,0
1399,Payment,13558.93,50,Male,445944.85,Mobile,Delhi,Grocery,8,Yes,0
1400,Deposit,59975.82,54,Male,439861.95,Desktop,Delhi,Grocery,14,No,0
1401,Payment,22014.45,44,Male,398334.95,Mobile,Chennai,Food,8,Yes,0
1402,Withdrawal,92242.96,56,Male,118757.82,Desktop,Mumbai,Electronics,0,Yes,1
1403,Deposit,82668.77,56,Male,92823.98,Mobile,Chennai,Food,3,Yes,1
1404,Payment,90208.28,52,Male,448999.63,Desktop,Chennai,Travel,11,Yes,1
1405,Deposit,23025.68,69,Female,395830.01,Desktop,Kolkata,Food,23,Yes,1
1406,Withdrawal,47766.41,32,Male,145217.0,Desktop,Kolkata,Grocery,0,Yes,0
1407,Transfer,52024.21,42,Male,345444.53,Desktop,Bangalore,Fashion,3,Yes,1
1408,Withdrawal,26204.16,52,Female,284511.77,Desktop,Bangalore,Grocery,13,No,0
1409,Deposit,25452.39,37,Female,388226.27,Desktop,Mumbai,Electronics,23,Yes,1
1410,Payment,10117.83,50,Female,394110.16,Mobile,Mumbai,Travel,20,Yes,0
1411,Payment,47219.7,56,Female,48629.64,Desktop,Mumbai,Fashion,2,Yes,0
1412,Deposit,61435.16,51,Female,357244.89,Mobile,Mumbai,Travel,14,Yes,1
1413,Withdrawal,19555.17,68,Male,309519.04,Mobile,Kolkata,Grocery,20,Yes,0
1414,Transfer,99682.03,67,Female,179798.19,Desktop,Bangalore,Food,6,Yes,1
1415,Transfer,91925.82,53,Female,364438.66,Desktop,Kolkata,Fashion,7,Yes,1
1416,Deposit,57533.18,34,Male,206531.64,Mobile,Chennai,Electronics,16,No,0
1417,Transfer,80313.93,34,Female,348624.97,Desktop,Chennai,Travel,7,No,0
1418,Deposit,68191.31,55,Male,243575.23,Desktop,Delhi,Travel,20,Yes,1
1419,Payment,80036.12,44,Female,260669.59,Mobile,Kolkata,Grocery,9,Yes,1
1420,Withdrawal,7695.28,29,Female,160367.03,Mobile,Chennai,Fashion,5,Yes,0
1421,Payment,23562.65,33,Female,107355.42,Mobile,Mumbai,Food,11,Yes,0
1422,Transfer,92026.79,61,Female,308844.35,Mobile,Bangalore,Fashion,19,No,1
1423,Withdrawal,49131.45,66,Female,201950.35,Mobile,Delhi,Food,13,No,0
1424,Transfer,50297.27,43,Male,231312.04,Mobile,Chennai,Travel,10,Yes,1
1425,Payment,38004.86,24,Female,183993.15,Desktop,Mumbai,Food,8,Yes,1
1426,Withdrawal,36655.82,49,Female,109213.58,Desktop,Kolkata,Travel,8,No,0
1427,Payment,97929.32,61,Male,408024.38,Desktop,Mumbai,Food,13,No,1
1428,Payment,47351.4,18,Male,213652.73,Mobile,Chennai,Food,23,No,0
1429,Withdrawal,25172.31,54,Male,202208.94,Mobile,Delhi,Grocery,8,No,0
1430,Transfer,45040.5,39,Female,183676.2,Desktop,Kolkata,Electronics,13,Yes,1
1431,Payment,57727.69,59,Male,489789.7,Desktop,Kolkata,Fashion,21,No,0
1432,Deposit,88974.28,42,Female,234557.28,Mobile,Mumbai,Fashion,13,No,0
1433,Transfer,8003.28,39,Male,160173.62,Desktop,Kolkata,Food,20,No,0
1434,Deposit,78119.31,41,Female,209924.59,Mobile,Delhi,Grocery,23,Yes,1
1435,Transfer,21136.09,43,Male,52299.09,Desktop,Chennai,Electronics,0,No,0
1436,Transfer,10482.45,57,Male,46734.08,Desktop,Kolkata,Grocery,7,No,0
1437,Payment,13214.58,28,Male,22401.72,Desktop,Kolkata,Travel,14,No,0
1438,Payment,96957.27,62,Male,297461.31,Desktop,Chennai,Travel,16,No,0
1439,Deposit,54012.85,69,Male,223720.85,Desktop,Bangalore,Fashion,4,No,1
1440,Payment,34454.1,48,Male,345446.13,Desktop,Bangalore,Fashion,0,No,0
1441,Payment,79697.06,53,Female,98342.63,Desktop,Bangalore,Grocery,5,No,0
1442,Payment,26371.73,45,Male,260721.98,Desktop,Kolkata,Food,8,No,0
1443,Transfer,18322.48,36,Male,320261.89,Desktop,Kolkata,Food,15,Yes,1
1444,Payment,5058.24,52,Male,97039.11,Mobile,Kolkata,Fashion,4,No,0
1445,Payment,9110.68,18,Female,112508.1,Desktop,Kolkata,Travel,11,No,0
1446,Transfer,33091.84,66,Male,32738.98,Desktop,Delhi,Food,15,Yes,1
1447,Withdrawal,81743.35,18,Male,487426.26,Mobile,Bangalore,Travel,7,Yes,1
1448,Transfer,52161.8,31,Female,197615.87,Desktop,Kolkata,Grocery,20,Yes,1
1449,Transfer,25405.94,58,Female,103368.2,Mobile,Mumbai,Electronics,7,No,0
1450,Payment,79459.6,55,Male,200925.11,Mobile,Delhi,Electronics,18,No,0
1451,Payment,37202.73,23,Male,83060.74,Mobile,Chennai,Fashion,20,Yes,1
1452,Payment,70162.68,68,Male,67284.59,Mobile,Kolkata,Food,20,No,0
1453,Deposit,73345.56,19,Female,182292.91,Mobile,Kolkata,Electronics,15,No,0
1454,Deposit,19058.61,29,Female,165222.03,Desktop,Kolkata,Food,17,Yes,1
1455,Payment,44993.48,70,Female,273094.95,Desktop,Delhi,Food,12,Yes,0
1456,Withdrawal,77624.06,33,Female,361896.76,Desktop,Mumbai,Food,21,No,0
1457,Payment,61342.62,38,Female,322247.45,Mobile,Delhi,Food,21,Yes,1
1458,Payment,17946.02,20,Male,57992.31,Mobile,Delhi,Electronics,18,No,0
1459,Withdrawal,5003.65,32,Male,11477.62,Mobile,Bangalore,Electronics,14,Yes,1
1460,Deposit,82220.45,68,Male,412703.27,Desktop,Chennai,Electronics,23,Yes,0
1461,Transfer,94465.89,51,Male,55106.43,Mobile,Chennai,Travel,6,Yes,1
1462,Payment,57045.76,29,Female,374323.65,Desktop,Bangalore,Travel,3,Yes,1
1463,Deposit,50518.81,60,Male,269280.74,Desktop,Kolkata,Fashion,17,No,0
1464,Deposit,76442.02,45,Female,306164.62,Mobile,Bangalore,Food,23,No,1
1465,Deposit,44805.23,43,Male,364525.07,Desktop,Chennai,Electronics,16,Yes,0
1466,Withdrawal,756.23,32,Male,428581.61,Mobile,Kolkata,Food,16,Yes,1
1467,Deposit,35630.01,26,Female,186706.03,Mobile,Mumbai,Fashion,9,Yes,0
1468,Payment,73453.17,64,Female,397487.58,Mobile,Bangalore,Food,3,No,1
1469,Deposit,7939.89,21,Female,177225.45,Desktop,Bangalore,Electronics,7,Yes,0
1470,Deposit,5507.38,51,Male,163061.69,Mobile,Kolkata,Food,22,Yes,1
1471,Deposit,97106.92,66,Male,114932.39,Desktop,Bangalore,Grocery,4,No,1
1472,Transfer,54860.43,34,Male,202270.88,Desktop,Mumbai,Grocery,15,Yes,1
1473,Payment,56160.64,65,Male,124945.97,Desktop,Bangalore,Fashion,21,Yes,1
1474,Deposit,42411.71,40,Male,163765.49,Mobile,Kolkata,Grocery,11,No,0
1475,Deposit,4583.27,70,Male,103844.18,Desktop,Mumbai,Electronics,3,Yes,1
1476,Payment,86888.36,70,Female,11797.98,Mobile,Kolkata,Travel,15,Yes,1
1477,Payment,20459.76,51,Female,276656.03,Mobile,Delhi,Travel,18,Yes,1
1478,Transfer,28472.95,68,Female,31277.2,Mobile,Delhi,Travel,21,No,0
1479,Withdrawal,86441.8,19,Female,434368.17,Desktop,Mumbai,Travel,16,Yes,0
1480,Deposit,86690.6,52,Male,97276.61,Desktop,Chennai,Electronics,1,Yes,0
1481,Withdrawal,33423.61,43,Male,14094.25,Desktop,Kolkata,Fashion,7,No,0
1482,Withdrawal,87879.86,70,Male,472347.67,Desktop,Mumbai,Grocery,10,No,0
1483,Transfer,73015.98,51,Male,211580.0,Mobile,Bangalore,Fashion,19,No,1
1484,Payment,20755.05,26,Male,431980.89,Desktop,Chennai,Grocery,13,Yes,0
1485,Payment,31817.87,53,Male,96146.93,Mobile,Delhi,Fashion,13,No,0
1486,Withdrawal,15280.51,30,Male,70115.21,Mobile,Chennai,Food,8,Yes,0
1487,Payment,68769.05,40,Male,345629.94,Desktop,Mumbai,Food,19,No,0
1488,Withdrawal,18479.25,42,Female,239554.23,Mobile,Mumbai,Grocery,1,No,0
1489,Transfer,92550.96,44,Male,372471.5,Mobile,Mumbai,Electronics,5,No,0
1490,Deposit,68817.48,47,Male,216640.06,Mobile,Chennai,Travel,23,No,1
1491,Transfer,52112.84,46,Female,414370.0,Mobile,Mumbai,Food,17,No,0
1492,Transfer,55814.32,51,Male,98975.92,Desktop,Bangalore,Fashion,9,No,1
1493,Withdrawal,61352.11,21,Male,234471.58,Desktop,Delhi,Food,3,Yes,1
1494,Payment,39367.36,38,Female,17331.5,Desktop,Chennai,Grocery,14,Yes,1
1495,Payment,71865.63,25,Male,61511.64,Desktop,Kolkata,Electronics,16,No,0
1496,Payment,37930.0,42,Male,385288.86,Desktop,Chennai,Grocery,5,Yes,1
1497,Transfer,42016.21,37,Female,147946.37,Mobile,Delhi,Grocery,6,Yes,0
1498,Withdrawal,1319.56,49,Female,274033.07,Mobile,Chennai,Travel,7,Yes,0
1499,Deposit,45428.47,46,Male,302602.2,Mobile,Mumbai,Food,8,Yes,1
1500,Payment,5600.89,40,Male,76960.34,Mobile,Chennai,Food,9,No,0
1501,Transfer,10977.88,29,Male,337684.8,Mobile,Bangalore,Food,11,Yes,1
1502,Withdrawal,32349.9,42,Male,380428.78,Mobile,Kolkata,Travel,4,Yes,0
1503,Withdrawal,32987.93,44,Male,349435.6,Mobile,Delhi,Food,23,Yes,1
1504,Withdrawal,42762.66,38,Female,265068.66,Desktop,Mumbai,Food,18,No,0
1505,Deposit,49301.19,29,Male,355750.6,Mobile,Delhi,Electronics,0,No,0
1506,Transfer,73773.09,31,Female,209950.36,Desktop,Kolkata,Food,20,Yes,1
1507,Payment,69032.7,34,Male,157347.41,Desktop,Delhi,Electronics,21,No,0
1508,Transfer,83221.07,30,Female,417743.52,Desktop,Bangalore,Electronics,20,Yes,1
1509,Deposit,89216.63,52,Female,233922.69,Desktop,Delhi,Food,9,No,0
1510,Transfer,20905.42,61,Female,400769.99,Desktop,Delhi,Grocery,8,Yes,1
1511,Deposit,62688.43,28,Female,97752.56,Mobile,Kolkata,Fashion,22,Yes,1
1512,Transfer,49755.74,33,Female,228693.63,Desktop,Mumbai,Food,9,Yes,1
1513,Transfer,77801.26,23,Female,255467.37,Desktop,Chennai,Grocery,6,No,0
1514,Withdrawal,77575.77,27,Male,411958.57,Mobile,Mumbai,Electronics,14,No,0
1515,Transfer,510.58,20,Male,169978.43,Mobile,Delhi,Food,21,No,1
1516,Withdrawal,63921.2,31,Female,104274.98,Desktop,Kolkata,Food,10,No,0
1517,Withdrawal,15017.14,35,Male,12552.08,Mobile,Mumbai,Food,11,No,0
1518,Withdrawal,57450.89,28,Male,159131.89,Desktop,Chennai,Travel,1,Yes,1
1519,Transfer,10682.1,21,Male,216100.54,Mobile,Chennai,Food,20,No,0
1520,Withdrawal,33299.98,30,Male,486972.54,Desktop,Chennai,Grocery,2,No,1
1521,Withdrawal,68479.35,63,Female,237920.21,Mobile,Mumbai,Food,8,No,0
1522,Withdrawal,78898.99,38,Female,246315.83,Mobile,Bangalore,Electronics,11,No,0
1523,Payment,28297.51,40,Male,256435.08,Desktop,Delhi,Fashion,17,Yes,0
1524,Deposit,40141.57,44,Male,312333.05,Mobile,Bangalore,Travel,2,No,0
1525,Deposit,78452.97,45,Female,274540.81,Mobile,Mumbai,Electronics,23,No,1
1526,Deposit,32605.27,24,Female,92206.13,Desktop,Delhi,Food,3,No,0
1527,Transfer,9144.25,70,Male,444194.46,Mobile,Mumbai,Grocery,14,No,0
1528,Deposit,19647.1,61,Female,153368.99,Desktop,Bangalore,Fashion,2,Yes,0
1529,Deposit,84778.91,36,Male,187765.33,Mobile,Delhi,Food,11,Yes,0
1530,Transfer,23600.59,62,Female,314481.08,Desktop,Bangalore,Travel,13,Yes,0
1531,Deposit,13992.98,53,Female,422447.2,Desktop,Bangalore,Grocery,9,Yes,1
1532,Transfer,64874.09,27,Female,330673.71,Mobile,Delhi,Grocery,20,No,0
1533,Deposit,62362.52,47,Female,278264.77,Desktop,Bangalore,Fashion,7,Yes,1
1534,Transfer,57836.06,64,Male,357504.35,Desktop,Bangalore,Food,18,No,1
1535,Transfer,56858.14,63,Female,61016.36,Desktop,Delhi,Grocery,23,No,1
1536,Transfer,52383.34,57,Male,126389.5,Mobile,Chennai,Food,9,Yes,0
1537,Transfer,46939.99,50,Female,289112.82,Desktop,Bangalore,Fashion,9,No,1
1538,Withdrawal,72724.47,54,Female,35401.79,Desktop,Chennai,Grocery,18,Yes,1
1539,Withdrawal,80908.69,57,Male,146973.75,Mobile,Mumbai,Food,2,No,1
1540,Withdrawal,27594.19,34,Male,372007.44,Mobile,Chennai,Grocery,21,No,0
1541,Payment,26199.13,62,Male,245034.66,Mobile,Kolkata,Electronics,4,Yes,0
1542,Deposit,77059.74,33,Female,364369.55,Mobile,Mumbai,Food,23,No,1
1543,Withdrawal,75572.84,25,Male,87962.2,Desktop,Bangalore,Fashion,15,Yes,1
1544,Deposit,47511.5,27,Female,10872.2,Desktop,Bangalore,Fashion,16,Yes,1
1545,Withdrawal,95622.75,45,Female,170808.87,Desktop,Delhi,Fashion,20,No,0
1546,Payment,73457.91,55,Male,262376.4,Mobile,Kolkata,Food,0,Yes,0
1547,Transfer,41183.75,51,Male,344322.28,Desktop,Mumbai,Fashion,8,Yes,1
1548,Transfer,5782.5,56,Male,475492.03,Mobile,Delhi,Electronics,19,Yes,1
1549,Payment,89610.56,62,Male,130401.19,Desktop,Delhi,Travel,8,No,0
1550,Withdrawal,25807.93,67,Male,142257.3,Mobile,Bangalore,Travel,10,Yes,1
1551,Withdrawal,17875.16,22,Female,489813.88,Mobile,Chennai,Travel,5,No,0
1552,Deposit,21916.81,59,Male,456741.57,Desktop,Delhi,Electronics,2,Yes,0
1553,Withdrawal,77745.99,19,Female,78682.87,Mobile,Delhi,Travel,8,Yes,0
1554,Deposit,57506.56,50,Female,241679.02,Desktop,Delhi,Food,7,Yes,1
1555,Deposit,12208.24,52,Female,170052.66,Desktop,Bangalore,Electronics,20,Yes,1
1556,Withdrawal,8137.63,47,Female,325657.32,Mobile,Chennai,Electronics,12,Yes,1
1557,Deposit,89656.42,58,Female,245819.25,Desktop,Mumbai,Grocery,1,Yes,1
1558,Payment,48974.33,22,Female,252343.65,Desktop,Delhi,Electronics,10,Yes,1
1559,Transfer,40610.23,31,Female,470344.45,Mobile,Chennai,Grocery,2,Yes,0
1560,Deposit,65417.77,48,Male,125127.86,Mobile,Delhi,Grocery,20,Yes,0
1561,Transfer,45672.84,28,Male,409811.09,Mobile,Delhi,Travel,19,Yes,1
1562,Payment,42678.53,69,Female,165496.3,Mobile,Kolkata,Grocery,1,Yes,1
1563,Transfer,27461.95,66,Female,88185.17,Desktop,Chennai,Grocery,14,Yes,0
1564,Transfer,13423.75,68,Female,389942.51,Mobile,Bangalore,Electronics,0,Yes,1
1565,Transfer,70703.45,55,Female,211030.01,Desktop,Mumbai,Grocery,4,No,1
1566,Deposit,24001.45,29,Male,300154.63,Desktop,Chennai,Electronics,20,No,0
1567,Transfer,55815.27,30,Male,493368.74,Mobile,Chennai,Fashion,17,Yes,1
1568,Payment,27715.02,30,Male,399323.42,Desktop,Bangalore,Grocery,5,Yes,1
1569,Withdrawal,28577.95,45,Female,170475.84,Desktop,Delhi,Electronics,23,Yes,0
1570,Payment,15888.76,19,Female,259877.34,Mobile,Mumbai,Travel,18,No,0
1571,Withdrawal,23083.32,25,Female,117752.12,Mobile,Bangalore,Grocery,12,Yes,1
1572,Deposit,5528.5,45,Male,112001.76,Desktop,Mumbai,Travel,11,Yes,0
1573,Payment,63238.91,35,Male,171266.21,Mobile,Chennai,Electronics,8,Yes,1
1574,Deposit,45912.03,28,Female,113827.51,Desktop,Chennai,Grocery,20,Yes,0
1575,Payment,8738.79,51,Female,431788.53,Mobile,Chennai,Travel,14,No,0
1576,Deposit,73644.27,33,Male,167011.49,Mobile,Chennai,Grocery,18,Yes,1
1577,Transfer,4101.86,48,Male,215720.33,Desktop,Bangalore,Electronics,14,No,0
1578,Transfer,69346.67,44,Male,70692.44,Desktop,Mumbai,Electronics,0,No,0
1579,Payment,70360.12,54,Male,488328.29,Desktop,Mumbai,Travel,5,No,0
1580,Transfer,86052.23,22,Female,447250.05,Desktop,Chennai,Electronics,9,No,0
1581,Payment,78790.42,23,Female,369201.59,Mobile,Chennai,Fashion,1,Yes,1
1582,Deposit,61951.43,41,Female,91757.36,Mobile,Chennai,Grocery,4,No,1
1583,Transfer,64938.94,65,Male,377820.88,Mobile,Kolkata,Fashion,8,No,1
1584,Transfer,37344.1,46,Female,253217.8,Mobile,Bangalore,Food,21,No,0
1585,Withdrawal,80010.4,62,Male,98235.02,Desktop,Delhi,Electronics,12,Yes,1
1586,Transfer,11025.56,35,Male,350055.64,Desktop,Mumbai,Grocery,16,Yes,1
1587,Payment,47443.1,44,Female,370166.08,Mobile,Kolkata,Grocery,2,Yes,0
1588,Payment,83511.26,51,Female,208787.41,Desktop,Kolkata,Travel,18,No,0
1589,Payment,89838.36,37,Male,395687.51,Mobile,Bangalore,Fashion,9,Yes,1
1590,Withdrawal,45647.06,28,Male,357347.03,Desktop,Mumbai,Grocery,22,Yes,1
1591,Transfer,4211.03,38,Male,223239.88,Desktop,Mumbai,Grocery,17,Yes,0
1592,Withdrawal,14879.63,46,Male,269153.26,Mobile,Delhi,Travel,15,Yes,0
1593,Withdrawal,15689.72,65,Female,325385.76,Desktop,Bangalore,Fashion,18,Yes,0
1594,Deposit,33934.57,25,Female,450586.36,Mobile,Chennai,Electronics,9,Yes,0
1595,Payment,44652.67,23,Female,32241.65,Mobile,Chennai,Food,7,No,0
1596,Transfer,53887.39,46,Male,488040.56,Desktop,Mumbai,Travel,10,Yes,0
1597,Withdrawal,39816.04,63,Female,187966.83,Desktop,Delhi,Fashion,11,No,0
1598,Deposit,87442.74,23,Male,365287.41,Desktop,Bangalore,Travel,9,Yes,0
1599,Deposit,72887.69,44,Male,418578.21,Mobile,Mumbai,Grocery,9,No,0
1600,Withdrawal,6704.97,55,Female,48781.9,Desktop,Kolkata,Travel,5,No,0
1601,Payment,20005.83,42,Female,279164.13,Mobile,Kolkata,Food,9,No,0
1602,Deposit,22529.57,68,Male,81241.86,Desktop,Bangalore,Electronics,20,No,0
1603,Deposit,90688.64,59,Male,19079.08,Desktop,Bangalore,Electronics,19,No,0
1604,Deposit,86847.76,58,Female,487258.08,Mobile,Kolkata,Food,23,Yes,0
1605,Payment,58207.28,27,Female,233216.76,Mobile,Kolkata,Grocery,1,No,1
1606,Withdrawal,4966.62,36,Male,259363.91,Mobile,Delhi,Food,5,No,0
1607,Withdrawal,27218.75,62,Female,52437.54,Desktop,Mumbai,Electronics,4,No,0
1608,Deposit,41258.25,28,Male,112848.72,Mobile,Mumbai,Food,19,Yes,0
1609,Transfer,11744.91,26,Male,242361.52,Desktop,Kolkata,Grocery,14,No,1
1610,Withdrawal,2973.08,70,Male,115067.13,Mobile,Mumbai,Fashion,4,Yes,1
1611,Transfer,42538.03,66,Male,43478.97,Desktop,Bangalore,Electronics,6,Yes,1
1612,Transfer,46961.33,34,Male,37792.44,Mobile,Delhi,Electronics,19,Yes,1
1613,Payment,18559.7,40,Male,49935.76,Desktop,Chennai,Fashion,11,Yes,0
1614,Payment,50540.43,22,Male,410695.32,Mobile,Chennai,Grocery,22,Yes,0
1615,Payment,90175.86,52,Male,486922.05,Mobile,Mumbai,Food,22,No,1
1616,Payment,44022.62,24,Male,418197.37,Desktop,Bangalore,Grocery,16,Yes,0
1617,Withdrawal,12449.18,25,Male,250428.93,Desktop,Kolkata,Food,23,Yes,1
1618,Deposit,11660.69,36,Female,302192.81,Desktop,Bangalore,Grocery,17,No,0
1619,Deposit,18959.62,22,Female,469845.59,Desktop,Mumbai,Electronics,21,No,0
1620,Deposit,43862.03,60,Male,64012.83,Desktop,Bangalore,Food,3,Yes,1
1621,Payment,33929.3,56,Female,65767.27,Desktop,Bangalore,Fashion,22,No,0
1622,Deposit,35674.12,60,Female,493823.98,Desktop,Mumbai,Travel,3,Yes,1
1623,Deposit,23159.1,26,Male,54303.68,Mobile,Delhi,Travel,21,Yes,0
1624,Deposit,60497.93,38,Male,154862.54,Mobile,Delhi,Food,15,No,1
1625,Deposit,49076.01,34,Female,405693.39,Mobile,Delhi,Travel,3,No,0
1626,Deposit,44311.36,20,Male,92550.24,Desktop,Mumbai,Travel,13,Yes,1
1627,Deposit,48796.75,25,Female,331738.9,Desktop,Bangalore,Food,5,Yes,1
1628,Deposit,59145.41,42,Female,384403.03,Desktop,Kolkata,Electronics,0,Yes,1
1629,Withdrawal,34952.79,65,Male,383771.04,Desktop,Bangalore,Electronics,13,No,0
1630,Deposit,35191.8,60,Male,127568.9,Desktop,Chennai,Electronics,22,Yes,0
1631,Transfer,33825.67,19,Female,23501.92,Desktop,Chennai,Food,13,No,1
1632,Deposit,58840.12,38,Female,287325.0,Desktop,Chennai,Electronics,15,Yes,1
1633,Payment,33663.15,50,Female,87480.47,Desktop,Kolkata,Travel,6,No,0
1634,Transfer,84054.01,52,Male,147241.0,Mobile,Kolkata,Food,12,Yes,1
1635,Transfer,71798.91,55,Male,297973.0,Desktop,Delhi,Food,16,No,1
1636,Withdrawal,79585.61,59,Female,254796.57,Desktop,Bangalore,Food,10,Yes,1
1637,Withdrawal,62533.89,47,Male,441043.8,Mobile,Chennai,Travel,6,No,1
1638,Deposit,93470.13,64,Male,263523.44,Desktop,Bangalore,Grocery,7,Yes,0
1639,Withdrawal,84427.79,44,Female,430792.05,Mobile,Mumbai,Travel,8,No,0
1640,Withdrawal,68716.8,33,Female,123049.29,Mobile,Mumbai,Electronics,7,No,0
1641,Deposit,42259.71,20,Male,83882.45,Mobile,Delhi,Fashion,8,Yes,0
1642,Transfer,96382.31,49,Male,32387.0,Mobile,Kolkata,Food,9,Yes,0
1643,Deposit,89687.65,60,Male,201463.05,Mobile,Mumbai,Electronics,18,Yes,1
1644,Withdrawal,49695.47,23,Male,301911.55,Desktop,Kolkata,Food,23,No,0
1645,Payment,93556.46,31,Male,57872.94,Mobile,Kolkata,Travel,13,No,0
1646,Transfer,49086.82,41,Male,161662.52,Desktop,Bangalore,Grocery,8,Yes,1
1647,Withdrawal,82154.4,19,Male,421529.12,Mobile,Mumbai,Fashion,17,No,0
1648,Withdrawal,90325.39,61,Male,269780.79,Mobile,Bangalore,Travel,0,No,0
1649,Withdrawal,30158.73,70,Male,152224.34,Mobile,Bangalore,Fashion,20,No,0
1650,Withdrawal,86657.81,70,Female,238190.19,Desktop,Kolkata,Travel,3,Yes,1
1651,Transfer,35250.45,56,Female,229364.57,Mobile,Delhi,Grocery,20,No,0
1652,Payment,407.27,30,Female,160292.29,Mobile,Delhi,Grocery,7,Yes,0
1653,Deposit,79284.97,38,Female,241790.91,Mobile,Kolkata,Grocery,21,No,0
1654,Payment,8531.46,41,Male,199779.62,Desktop,Chennai,Grocery,0,Yes,0
1655,Payment,90693.79,47,Male,134582.67,Mobile,Delhi,Travel,19,No,0
1656,Payment,8997.22,41,Male,473885.54,Mobile,Delhi,Food,13,No,0
1657,Deposit,11939.38,63,Male,99319.36,Desktop,Kolkata,Travel,12,Yes,0
1658,Payment,60048.27,70,Female,364720.49,Mobile,Bangalore,Grocery,13,Yes,1
1659,Withdrawal,23625.01,46,Male,187970.68,Desktop,Delhi,Electronics,15,Yes,0
1660,Deposit,68716.56,63,Female,355684.32,Desktop,Delhi,Electronics,17,Yes,1
1661,Payment,47146.15,40,Male,7653.69,Desktop,Kolkata,Travel,21,No,0
1662,Transfer,58090.64,34,Male,254354.63,Desktop,Bangalore,Grocery,2,No,0
1663,Deposit,14265.39,25,Female,26860.27,Mobile,Bangalore,Fashion,23,No,0
1664,Withdrawal,90288.99,34,Female,260901.48,Desktop,Mumbai,Fashion,23,No,0
1665,Payment,55611.9,60,Female,31344.98,Mobile,Delhi,Grocery,5,Yes,1
1666,Payment,70625.69,45,Male,497624.86,Desktop,Delhi,Travel,11,No,0
1667,Transfer,84599.25,27,Male,178054.13,Mobile,Kolkata,Grocery,5,No,0
1668,Payment,58396.38,18,Male,211127.4,Mobile,Mumbai,Travel,21,Yes,0
1669,Transfer,28499.7,61,Male,200114.05,Mobile,Kolkata,Grocery,0,Yes,1
1670,Deposit,45460.15,35,Male,168066.33,Mobile,Chennai,Travel,10,Yes,1
1671,Transfer,80175.64,36,Female,400082.75,Mobile,Chennai,Food,12,Yes,1
1672,Payment,24084.01,67,Female,49148.21,Mobile,Mumbai,Travel,12,No,0
1673,Payment,12148.14,49,Female,369265.2,Desktop,Chennai,Grocery,11,Yes,0
1674,Payment,49013.34,42,Female,137897.3,Desktop,Delhi,Travel,11,Yes,0
1675,Deposit,9385.45,50,Female,486769.54,Mobile,Mumbai,Travel,16,Yes,1
1676,Deposit,8010.39,69,Female,153694.66,Mobile,Kolkata,Grocery,16,No,0
1677,Transfer,55144.33,20,Male,257772.53,Desktop,Delhi,Travel,21,No,1
1678,Transfer,76887.81,19,Male,371555.5,Desktop,Mumbai,Grocery,12,Yes,1
1679,Withdrawal,31463.24,64,Female,379890.36,Desktop,Chennai,Fashion,10,Yes,1
1680,Transfer,74728.23,56,Female,436449.82,Mobile,Bangalore,Food,0,Yes,1
1681,Transfer,17256.36,48,Female,347444.08,Desktop,Kolkata,Food,19,No,0
1682,Deposit,80483.61,23,Male,71881.4,Mobile,Delhi,Electronics,22,Yes,0
1683,Payment,48163.61,27,Male,220715.29,Mobile,Delhi,Fashion,14,Yes,0
1684,Transfer,11734.24,27,Female,482114.1,Desktop,Delhi,Travel,18,Yes,1
1685,Deposit,5187.13,18,Male,317052.89,Desktop,Bangalore,Travel,23,No,1
1686,Deposit,48661.49,55,Female,119793.36,Mobile,Chennai,Electronics,13,No,0
1687,Withdrawal,89298.43,44,Female,62885.67,Desktop,Bangalore,Travel,0,Yes,1
1688,Payment,46977.12,46,Male,256279.79,Desktop,Chennai,Travel,4,No,0
1689,Deposit,95984.36,61,Female,399006.47,Mobile,Chennai,Grocery,9,Yes,1
1690,Payment,17411.78,28,Female,54947.34,Desktop,Bangalore,Fashion,7,Yes,0
1691,Transfer,35942.8,34,Female,340079.29,Mobile,Chennai,Electronics,2,No,0
1692,Payment,12156.73,32,Female,132621.96,Desktop,Kolkata,Electronics,17,No,0
1693,Transfer,70669.85,46,Female,481510.32,Mobile,Delhi,Food,19,Yes,1
1694,Transfer,50779.84,28,Male,436080.39,Desktop,Mumbai,Fashion,22,No,0
1695,Deposit,73281.93,24,Male,325311.02,Desktop,Mumbai,Electronics,6,No,0
1696,Transfer,24607.07,69,Female,173953.43,Mobile,Delhi,Fashion,11,No,0
1697,Payment,15245.96,66,Female,394671.79,Mobile,Bangalore,Travel,13,No,0
1698,Withdrawal,94379.65,46,Male,386225.17,Mobile,Delhi,Fashion,10,No,0
1699,Payment,43463.82,43,Male,331787.21,Mobile,Chennai,Electronics,20,No,0
1700,Withdrawal,72182.95,38,Female,8911.61,Desktop,Chennai,Food,4,No,0
1701,Payment,88769.22,57,Female,350248.13,Desktop,Mumbai,Fashion,2,Yes,1
1702,Deposit,72537.36,65,Male,262632.5,Desktop,Mumbai,Electronics,16,No,0
1703,Payment,2439.83,68,Female,124463.19,Desktop,Bangalore,Food,3,Yes,0
1704,Withdrawal,62736.25,40,Male,28627.77,Mobile,Bangalore,Fashion,18,Yes,1
1705,Payment,80558.22,55,Male,178416.88,Desktop,Chennai,Grocery,22,No,0
1706,Payment,10612.17,51,Male,412307.15,Desktop,Bangalore,Electronics,4,No,0
1707,Transfer,9315.64,45,Male,240745.27,Desktop,Delhi,Fashion,21,No,0
1708,Deposit,87214.28,55,Female,320048.27,Desktop,Bangalore,Travel,5,Yes,1
1709,Deposit,71143.94,26,Male,348763.0,Desktop,Bangalore,Electronics,23,Yes,0
1710,Withdrawal,92177.57,25,Female,59616.4,Desktop,Chennai,Fashion,1,Yes,1
1711,Withdrawal,99102.91,37,Female,245533.14,Mobile,Mumbai,Food,13,Yes,0
1712,Withdrawal,88916.81,31,Male,410466.91,Desktop,Delhi,Electronics,17,No,1
1713,Transfer,41815.76,54,Female,285053.17,Desktop,Bangalore,Travel,23,Yes,0
1714,Deposit,76191.71,60,Female,78746.38,Desktop,Delhi,Food,21,No,0
1715,Deposit,33965.89,20,Female,369276.83,Mobile,Mumbai,Electronics,18,No,0
1716,Transfer,64427.03,23,Male,477808.32,Mobile,Chennai,Food,6,No,0
1717,Transfer,12116.29,52,Male,481376.5,Desktop,Mumbai,Grocery,22,No,1
1718,Withdrawal,40239.61,20,Female,431677.3,Mobile,Kolkata,Travel,5,No,0
1719,Withdrawal,38262.9,23,Male,489994.13,Mobile,Kolkata,Grocery,5,No,0
1720,Payment,30748.74,44,Male,34162.3,Desktop,Mumbai,Electronics,22,Yes,1
1721,Transfer,32072.14,44,Female,132677.47,Mobile,Delhi,Grocery,7,Yes,1
1722,Deposit,94940.77,35,Male,162576.54,Desktop,Delhi,Travel,0,No,0
1723,Transfer,26989.06,55,Male,126926.47,Mobile,Kolkata,Food,13,No,1
1724,Payment,78309.87,27,Female,272517.68,Mobile,Mumbai,Food,13,No,1
1725,Deposit,96115.33,57,Female,328264.13,Mobile,Delhi,Electronics,15,No,0
1726,Deposit,99924.26,58,Male,294653.79,Desktop,Delhi,Grocery,23,Yes,1
1727,Deposit,69873.09,26,Female,439748.25,Mobile,Chennai,Food,10,No,0
1728,Deposit,27374.01,60,Female,174106.75,Desktop,Chennai,Fashion,0,Yes,0
1729,Transfer,60917.8,18,Male,337989.67,Desktop,Chennai,Travel,12,Yes,1
1730,Transfer,53911.07,70,Female,337761.73,Desktop,Bangalore,Food,11,No,1
1731,Transfer,12563.91,41,Male,225065.94,Mobile,Delhi,Fashion,21,No,1
1732,Withdrawal,80860.61,32,Male,490158.96,Desktop,Delhi,Fashion,15,Yes,1
1733,Deposit,11183.56,35,Female,89386.16,Mobile,Chennai,Food,18,Yes,1
1734,Payment,74622.75,26,Female,467113.88,Mobile,Chennai,Fashion,6,Yes,0
1735,Withdrawal,68099.97,47,Male,469255.73,Mobile,Kolkata,Travel,13,No,1
1736,Deposit,49607.91,51,Male,442482.21,Mobile,Delhi,Fashion,13,No,0
1737,Deposit,19541.35,23,Male,495181.0,Mobile,Bangalore,Electronics,7,Yes,1
1738,Withdrawal,6378.13,58,Male,18797.01,Desktop,Delhi,Food,20,No,0
1739,Payment,10873.28,33,Female,417096.17,Desktop,Chennai,Grocery,2,No,0
1740,Deposit,57935.55,23,Male,458773.62,Desktop,Kolkata,Electronics,4,Yes,0
1741,Deposit,5573.4,57,Female,37566.18,Mobile,Chennai,Electronics,9,No,0
1742,Deposit,23387.89,56,Male,229438.57,Desktop,Bangalore,Food,19,Yes,1
1743,Transfer,45462.27,39,Male,58463.26,Mobile,Chennai,Electronics,18,Yes,0
1744,Payment,63772.64,34,Female,213398.47,Desktop,Mumbai,Grocery,4,Yes,1
1745,Withdrawal,58493.78,50,Female,159038.18,Mobile,Mumbai,Travel,9,No,1
1746,Transfer,51816.29,60,Male,33372.23,Mobile,Bangalore,Fashion,6,Yes,1
1747,Payment,78547.85,39,Male,335590.77,Desktop,Chennai,Fashion,18,No,0
1748,Deposit,32929.04,24,Female,438672.21,Mobile,Bangalore,Grocery,0,Yes,0
1749,Deposit,62429.61,33,Female,368620.16,Desktop,Bangalore,Grocery,12,Yes,0
1750,Transfer,36345.43,22,Female,19858.71,Mobile,Mumbai,Fashion,14,Yes,0
1751,Withdrawal,4486.09,19,Male,102923.37,Mobile,Mumbai,Fashion,23,Yes,1
1752,Payment,17936.29,19,Male,422226.3,Mobile,Delhi,Grocery,12,Yes,1
1753,Payment,30576.73,33,Female,405696.45,Mobile,Chennai,Food,13,Yes,1
1754,Payment,79510.32,30,Female,348705.18,Desktop,Chennai,Travel,20,Yes,0
1755,Payment,85458.1,36,Male,167201.9,Mobile,Kolkata,Grocery,16,No,1
1756,Transfer,78488.06,68,Male,87879.6,Desktop,Chennai,Fashion,15,No,1
1757,Withdrawal,52595.02,48,Female,239510.29,Desktop,Chennai,Electronics,6,Yes,0
1758,Deposit,86330.51,43,Male,156469.52,Desktop,Chennai,Grocery,11,No,0
1759,Payment,75187.11,36,Female,261816.26,Mobile,Chennai,Electronics,14,No,0
1760,Deposit,43307.32,41,Female,161925.11,Desktop,Delhi,Grocery,14,Yes,1
1761,Transfer,35973.38,23,Female,422088.68,Mobile,Kolkata,Grocery,3,Yes,1
1762,Transfer,54648.0,39,Male,339178.13,Desktop,Kolkata,Fashion,6,Yes,0
1763,Withdrawal,952.53,37,Female,412042.88,Desktop,Bangalore,Food,20,Yes,0
1764,Payment,86560.07,32,Male,363051.27,Mobile,Bangalore,Grocery,16,No,0
1765,Deposit,34131.89,23,Female,423671.83,Desktop,Bangalore,Grocery,14,No,0
1766,Transfer,37532.55,54,Male,156258.11,Mobile,Bangalore,Fashion,10,Yes,1
1767,Deposit,76307.87,62,Female,166409.36,Mobile,Chennai,Electronics,4,Yes,0
1768,Withdrawal,56862.27,69,Female,490185.2,Mobile,Bangalore,Electronics,17,No,1
1769,Transfer,32951.25,46,Female,51154.55,Mobile,Chennai,Grocery,1,No,1
1770,Payment,7042.15,42,Female,106916.69,Desktop,Chennai,Electronics,14,Yes,1
1771,Transfer,17265.39,44,Female,82732.55,Mobile,Mumbai,Food,13,No,0
1772,Deposit,95514.17,31,Male,435872.29,Desktop,Bangalore,Travel,5,No,0
1773,Deposit,27616.55,18,Male,225637.13,Desktop,Chennai,Grocery,16,No,0
1774,Deposit,46074.44,54,Male,369958.9,Desktop,Bangalore,Fashion,22,No,0
1775,Payment,41563.77,29,Female,231624.94,Mobile,Chennai,Electronics,12,Yes,1
1776,Payment,27450.25,58,Female,334995.19,Mobile,Mumbai,Travel,13,Yes,0
1777,Transfer,75564.15,50,Female,207997.55,Mobile,Kolkata,Grocery,16,Yes,1
1778,Transfer,63922.78,61,Female,193672.01,Desktop,Mumbai,Travel,1,Yes,1
1779,Payment,32778.33,65,Female,244955.82,Mobile,Delhi,Food,21,Yes,0
1780,Deposit,14111.55,70,Female,421573.45,Mobile,Delhi,Food,3,Yes,1
1781,Deposit,16928.49,60,Male,340304.66,Mobile,Bangalore,Fashion,5,Yes,0
1782,Payment,44261.61,21,Male,198356.1,Desktop,Bangalore,Electronics,19,Yes,1
1783,Deposit,76734.71,33,Female,454834.41,Mobile,Delhi,Electronics,13,Yes,0
1784,Withdrawal,82070.6,61,Male,114181.09,Mobile,Mumbai,Grocery,1,No,0
1785,Withdrawal,32335.69,58,Male,314213.31,Desktop,Bangalore,Electronics,7,Yes,1
1786,Withdrawal,17444.79,43,Female,10930.78,Mobile,Bangalore,Grocery,2,No,0
1787,Withdrawal,4489.5,31,Female,154259.45,Desktop,Delhi,Food,18,Yes,1
1788,Transfer,60026.73,58,Female,340560.76,Mobile,Kolkata,Grocery,20,No,0
1789,Deposit,6844.6,19,Female,194273.84,Mobile,Chennai,Food,22,Yes,1
1790,Transfer,30953.98,65,Female,379836.64,Mobile,Delhi,Grocery,11,No,0
1791,Payment,37637.22,59,Male,122841.66,Desktop,Kolkata,Grocery,8,No,0
1792,Transfer,52135.2,44,Female,376522.7,Mobile,Kolkata,Fashion,7,Yes,1
1793,Payment,80165.04,62,Male,305991.28,Desktop,Chennai,Fashion,5,No,0
1794,Transfer,86999.69,22,Male,30792.9,Mobile,Mumbai,Grocery,2,Yes,1
1795,Payment,23707.38,23,Female,363869.61,Desktop,Mumbai,Grocery,7,No,0
1796,Payment,30379.76,54,Female,484024.28,Mobile,Kolkata,Travel,2,No,0
1797,Payment,47124.28,45,Female,381360.61,Desktop,Delhi,Travel,13,Yes,0
1798,Withdrawal,59558.82,27,Male,132359.4,Desktop,Kolkata,Travel,9,No,0
1799,Deposit,7286.77,26,Female,101879.3,Mobile,Delhi,Electronics,16,No,0
1800,Deposit,94034.47,65,Female,195098.52,Desktop,Chennai,Electronics,13,Yes,0
1801,Transfer,38544.12,54,Male,101142.96,Desktop,Kolkata,Fashion,16,No,0
1802,Withdrawal,69675.9,59,Female,463626.78,Mobile,Mumbai,Travel,1,No,0
1803,Transfer,69777.4,59,Male,134358.7,Desktop,Mumbai,Fashion,7,Yes,1
1804,Transfer,64475.3,42,Female,354504.54,Mobile,Chennai,Grocery,13,Yes,1
1805,Withdrawal,69214.5,50,Female,295109.49,Desktop,Delhi,Electronics,20,No,0
1806,Withdrawal,74898.13,65,Female,351009.45,Mobile,Mumbai,Travel,0,Yes,1
1807,Deposit,52543.7,59,Female,367855.91,Mobile,Mumbai,Fashion,5,Yes,1
1808,Payment,50311.11,25,Female,285710.61,Mobile,Mumbai,Grocery,1,Yes,0
1809,Payment,26009.26,44,Female,315284.5,Mobile,Mumbai,Electronics,9,Yes,1
1810,Withdrawal,6519.82,19,Male,241559.07,Mobile,Delhi,Electronics,8,Yes,0
1811,Transfer,9774.5,51,Male,190954.57,Desktop,Bangalore,Travel,10,No,0
1812,Withdrawal,99944.57,70,Male,470790.57,Desktop,Bangalore,Food,1,No,0
1813,Transfer,408.16,62,Female,363983.99,Mobile,Delhi,Food,3,No,0
1814,Payment,36906.15,57,Female,259882.43,Mobile,Delhi,Fashion,0,No,0
1815,Withdrawal,67825.15,32,Female,203081.77,Mobile,Kolkata,Travel,15,Yes,0
1816,Withdrawal,60756.66,63,Male,435580.07,Mobile,Mumbai,Travel,2,No,0
1817,Deposit,16888.48,46,Male,243673.43,Mobile,Mumbai,Grocery,5,Yes,1
1818,Transfer,16107.5,38,Female,384322.87,Mobile,Kolkata,Travel,21,Yes,0
1819,Deposit,9135.13,62,Female,436610.6,Mobile,Kolkata,Travel,22,No,0
1820,Deposit,80863.9,32,Female,62266.53,Mobile,Delhi,Electronics,10,Yes,0
1821,Transfer,57326.62,26,Female,477263.97,Mobile,Kolkata,Electronics,18,Yes,1
1822,Deposit,32032.33,41,Male,262276.93,Mobile,Delhi,Travel,0,No,0
1823,Withdrawal,83737.94,49,Female,77975.55,Desktop,Mumbai,Electronics,19,No,0
1824,Transfer,27417.91,63,Female,317383.15,Mobile,Bangalore,Fashion,22,No,1
1825,Withdrawal,15354.95,63,Male,424794.62,Mobile,Delhi,Grocery,15,No,0
1826,Payment,99107.22,53,Female,172018.02,Desktop,Kolkata,Travel,12,Yes,1
1827,Withdrawal,28308.17,30,Female,53173.19,Desktop,Chennai,Electronics,22,No,0
1828,Payment,57758.03,46,Female,149085.38,Mobile,Mumbai,Grocery,23,Yes,1
1829,Transfer,36286.36,54,Male,340767.31,Mobile,Bangalore,Travel,21,Yes,0
1830,Transfer,35622.83,48,Male,472806.28,Mobile,Chennai,Fashion,18,No,0
1831,Deposit,24575.6,25,Male,201339.17,Desktop,Chennai,Grocery,20,No,0
1832,Transfer,77795.31,70,Female,141231.94,Desktop,Kolkata,Electronics,3,Yes,1
1833,Deposit,64176.79,50,Male,16398.25,Desktop,Kolkata,Electronics,18,Yes,1
1834,Deposit,29906.5,26,Male,165988.34,Mobile,Bangalore,Electronics,12,No,0
1835,Transfer,75375.47,31,Male,94428.77,Mobile,Delhi,Food,14,No,1
1836,Payment,57550.59,59,Male,48471.36,Desktop,Delhi,Electronics,3,No,1
1837,Payment,42362.83,60,Male,127926.86,Mobile,Chennai,Fashion,21,No,0
1838,Deposit,69540.64,51,Female,305055.21,Mobile,Delhi,Electronics,7,Yes,1
1839,Withdrawal,85622.91,31,Male,303061.47,Mobile,Chennai,Fashion,8,Yes,0
1840,Deposit,7528.53,34,Female,193982.24,Mobile,Bangalore,Travel,2,No,0
1841,Payment,53636.84,22,Female,497702.84,Mobile,Kolkata,Food,21,Yes,1
1842,Payment,31704.4,68,Female,192576.24,Mobile,Delhi,Fashion,3,Yes,0
1843,Deposit,6689.34,58,Male,184595.64,Desktop,Kolkata,Grocery,7,No,0
1844,Deposit,97950.57,32,Female,476132.52,Mobile,Mumbai,Food,23,No,0
1845,Deposit,9644.5,40,Female,278013.4,Mobile,Delhi,Grocery,10,No,0
1846,Deposit,47738.5,26,Female,9701.25,Mobile,Mumbai,Grocery,12,No,0
1847,Withdrawal,70779.49,33,Female,354859.45,Mobile,Bangalore,Fashion,14,No,1
1848,Deposit,52107.41,63,Male,156067.78,Mobile,Kolkata,Travel,10,Yes,1
1849,Transfer,73022.31,23,Male,289781.77,Mobile,Kolkata,Food,15,Yes,0
1850,Deposit,67735.6,64,Male,242429.69,Mobile,Bangalore,Electronics,19,Yes,0
1851,Transfer,71444.59,62,Female,125891.99,Mobile,Chennai,Travel,5,Yes,1
1852,Withdrawal,83956.95,50,Female,476479.38,Desktop,Bangalore,Travel,5,No,0
1853,Withdrawal,91413.11,33,Male,148582.05,Desktop,Kolkata,Fashion,6,Yes,0
1854,Deposit,21824.57,37,Male,468030.12,Desktop,Delhi,Fashion,0,No,0
1855,Withdrawal,10805.69,40,Male,204023.7,Mobile,Delhi,Travel,15,Yes,1
1856,Payment,41130.83,49,Male,82037.05,Desktop,Mumbai,Travel,12,No,0
1857,Deposit,89230.12,52,Female,58804.02,Desktop,Bangalore,Grocery,4,No,0
1858,Transfer,35987.75,63,Male,59779.49,Desktop,Delhi,Grocery,12,No,0
1859,Transfer,16115.22,30,Female,480050.93,Desktop,Delhi,Travel,15,No,0
1860,Payment,32556.28,66,Female,253420.0,Desktop,Mumbai,Electronics,3,Yes,1
1861,Withdrawal,50050.09,67,Male,30759.72,Desktop,Bangalore,Food,23,Yes,1
1862,Withdrawal,28294.11,23,Female,127634.91,Mobile,Chennai,Grocery,7,No,0
1863,Withdrawal,99426.28,33,Female,103214.17,Mobile,Chennai,Food,5,Yes,0
1864,Payment,23015.48,26,Female,23991.38,Mobile,Mumbai,Travel,0,Yes,1
1865,Transfer,38097.23,51,Female,351578.64,Mobile,Mumbai,Fashion,13,No,1
1866,Deposit,64422.93,37,Male,138276.81,Desktop,Kolkata,Travel,7,No,0
1867,Payment,4184.82,21,Female,109928.89,Desktop,Kolkata,Food,3,No,0
1868,Deposit,36421.77,37,Male,52959.17,Mobile,Chennai,Grocery,10,No,0
1869,Withdrawal,74318.91,55,Female,122934.85,Desktop,Mumbai,Food,12,Yes,0
1870,Payment,62992.91,56,Male,25314.27,Mobile,Mumbai,Travel,3,Yes,0
1871,Withdrawal,30217.49,48,Male,269110.99,Mobile,Delhi,Grocery,6,No,0
1872,Withdrawal,89169.51,66,Female,447981.95,Desktop,Delhi,Travel,2,No,0
1873,Transfer,16776.82,35,Male,148379.9,Mobile,Mumbai,Travel,15,Yes,1
1874,Deposit,56293.61,42,Female,305573.1,Mobile,Mumbai,Electronics,5,Yes,1
1875,Transfer,87927.59,68,Female,254389.79,Desktop,Kolkata,Grocery,9,No,0
1876,Payment,22470.55,52,Male,149462.43,Mobile,Kolkata,Grocery,8,Yes,0
1877,Payment,98954.67,31,Male,5692.98,Desktop,Chennai,Fashion,10,Yes,0
1878,Withdrawal,72235.75,44,Female,165694.39,Mobile,Delhi,Fashion,7,No,1
1879,Transfer,53785.13,67,Male,362688.09,Desktop,Kolkata,Food,17,Yes,1
1880,Payment,32493.88,31,Female,82042.53,Mobile,Bangalore,Fashion,4,No,1
1881,Payment,45993.07,70,Male,98485.66,Desktop,Mumbai,Fashion,0,No,0
1882,Payment,81768.17,61,Male,39379.79,Mobile,Bangalore,Grocery,14,No,1
1883,Payment,72703.79,69,Male,303630.29,Desktop,Bangalore,Electronics,3,Yes,1
1884,Transfer,13304.69,67,Male,137489.96,Mobile,Delhi,Electronics,17,No,0
1885,Transfer,20311.93,48,Female,408655.14,Desktop,Kolkata,Travel,4,Yes,1
1886,Withdrawal,62785.84,25,Male,413337.83,Mobile,Chennai,Fashion,3,No,1
1887,Payment,2497.69,45,Female,77951.37,Desktop,Mumbai,Travel,21,Yes,0
1888,Transfer,22529.79,36,Female,42763.52,Desktop,Delhi,Fashion,2,Yes,1
1889,Payment,42919.98,39,Male,341319.49,Mobile,Kolkata,Food,9,No,0
1890,Withdrawal,91631.81,60,Female,466776.51,Mobile,Delhi,Grocery,20,Yes,1
1891,Deposit,44724.87,68,Female,408251.63,Mobile,Chennai,Travel,23,No,0
1892,Withdrawal,99477.69,29,Female,179541.34,Desktop,Bangalore,Travel,22,No,0
1893,Withdrawal,13908.31,59,Male,194676.68,Desktop,Chennai,Food,15,Yes,1
1894,Deposit,52741.9,67,Male,353031.19,Mobile,Kolkata,Electronics,6,Yes,1
1895,Deposit,95765.82,25,Male,456124.15,Desktop,Mumbai,Fashion,14,Yes,0
1896,Deposit,24325.49,70,Male,32653.5,Mobile,Delhi,Grocery,12,Yes,0
1897,Deposit,37231.25,62,Male,333059.92,Mobile,Bangalore,Food,5,Yes,1
1898,Payment,7991.43,22,Male,286745.66,Desktop,Mumbai,Grocery,15,Yes,0
1899,Withdrawal,47071.43,64,Female,224766.95,Mobile,Kolkata,Electronics,4,Yes,0
1900,Transfer,60456.94,29,Male,10379.45,Desktop,Bangalore,Food,22,No,0
1901,Withdrawal,70964.35,45,Male,139554.67,Mobile,Chennai,Travel,4,Yes,1
1902,Transfer,21968.75,29,Male,409196.62,Desktop,Bangalore,Fashion,20,No,0
1903,Payment,5561.7,41,Female,101391.64,Mobile,Delhi,Electronics,11,No,0
1904,Withdrawal,16359.76,24,Male,109895.42,Mobile,Kolkata,Grocery,17,Yes,0
1905,Transfer,24109.48,23,Male,284050.96,Desktop,Delhi,Electronics,10,Yes,0
1906,Transfer,98056.11,66,Female,479575.82,Mobile,Kolkata,Travel,23,No,0
1907,Transfer,33198.69,65,Male,253577.67,Mobile,Delhi,Food,12,No,0
1908,Transfer,29082.93,27,Female,43982.67,Mobile,Mumbai,Grocery,21,Yes,0
1909,Payment,99342.32,50,Female,226502.7,Mobile,Kolkata,Fashion,11,No,1
1910,Deposit,23987.15,57,Male,479217.75,Desktop,Delhi,Electronics,4,No,0
1911,Transfer,49941.33,47,Female,89010.23,Desktop,Mumbai,Electronics,8,No,0
1912,Transfer,18000.71,67,Female,132682.33,Desktop,Kolkata,Travel,20,Yes,0
1913,Deposit,4055.3,36,Female,207471.45,Mobile,Bangalore,Fashion,16,No,0
1914,Deposit,50643.65,34,Male,312203.79,Mobile,Mumbai,Food,0,Yes,0
1915,Withdrawal,37644.59,54,Female,427645.45,Mobile,Bangalore,Travel,21,Yes,1
1916,Deposit,64284.2,70,Female,59013.93,Mobile,Delhi,Travel,13,Yes,1
1917,Transfer,31796.76,56,Female,110254.42,Desktop,Delhi,Fashion,14,Yes,1
1918,Deposit,14636.83,31,Female,286262.25,Desktop,Delhi,Fashion,13,No,0
1919,Payment,86815.26,66,Female,138574.81,Mobile,Delhi,Grocery,2,No,0
1920,Withdrawal,87390.21,46,Female,264765.08,Desktop,Mumbai,Electronics,2,No,1
1921,Withdrawal,16536.87,40,Female,243404.5,Mobile,Bangalore,Fashion,22,No,0
1922,Payment,7873.09,60,Male,165247.62,Desktop,Delhi,Grocery,14,Yes,0
1923,Withdrawal,11449.33,61,Female,135087.33,Mobile,Bangalore,Grocery,20,No,0
1924,Transfer,3744.95,65,Male,212987.17,Mobile,Chennai,Travel,6,No,0
1925,Payment,97177.28,54,Male,188276.93,Desktop,Delhi,Fashion,9,Yes,1
1926,Deposit,41463.97,40,Female,414952.0,Desktop,Chennai,Fashion,3,Yes,1
1927,Withdrawal,17771.83,56,Male,273667.63,Desktop,Kolkata,Travel,20,No,0
1928,Transfer,99536.79,69,Male,49370.78,Mobile,Chennai,Travel,3,No,0
1929,Transfer,63389.16,50,Male,335516.52,Desktop,Mumbai,Grocery,14,No,1
1930,Deposit,95060.09,40,Female,209402.7,Desktop,Delhi,Fashion,7,No,1
1931,Withdrawal,30808.93,68,Female,338283.9,Mobile,Bangalore,Electronics,0,Yes,1
1932,Withdrawal,84092.89,51,Female,170869.52,Desktop,Mumbai,Food,12,Yes,1
1933,Deposit,82872.13,69,Female,68790.88,Desktop,Mumbai,Travel,10,Yes,1
1934,Transfer,71031.48,26,Male,317563.33,Desktop,Kolkata,Food,5,No,1
1935,Transfer,2661.46,18,Male,18770.08,Mobile,Chennai,Travel,0,Yes,0
1936,Withdrawal,18736.86,59,Male,151976.64,Mobile,Bangalore,Fashion,21,Yes,1
1937,Payment,62781.06,58,Male,59911.1,Mobile,Delhi,Grocery,9,No,0
1938,Transfer,7830.4,41,Male,198446.1,Desktop,Delhi,Travel,2,No,0
1939,Transfer,21108.57,44,Female,445408.19,Desktop,Mumbai,Grocery,9,Yes,0
1940,Transfer,11808.99,39,Female,244535.94,Mobile,Mumbai,Food,23,No,0
1941,Payment,60650.47,52,Male,261407.49,Mobile,Mumbai,Fashion,3,Yes,1
1942,Payment,22054.14,64,Male,137457.31,Desktop,Mumbai,Electronics,11,No,0
1943,Deposit,43662.59,43,Male,128796.11,Mobile,Kolkata,Travel,3,No,0
1944,Payment,95380.83,49,Female,442014.38,Desktop,Chennai,Fashion,10,Yes,1
1945,Deposit,20052.11,40,Female,449457.87,Mobile,Bangalore,Grocery,1,No,0
1946,Withdrawal,60427.82,59,Female,202161.8,Mobile,Mumbai,Fashion,13,Yes,1
1947,Transfer,21596.9,41,Female,76794.64,Desktop,Delhi,Electronics,10,Yes,0
1948,Payment,46591.13,68,Female,449878.27,Mobile,Bangalore,Fashion,19,Yes,0
1949,Transfer,56139.77,63,Male,289104.46,Desktop,Bangalore,Fashion,10,Yes,1
1950,Deposit,49915.23,35,Female,64033.22,Desktop,Mumbai,Food,10,No,0
1951,Transfer,28575.19,59,Male,456263.36,Desktop,Mumbai,Travel,1,Yes,1
1952,Transfer,7038.47,24,Female,363010.57,Desktop,Kolkata,Fashion,12,Yes,1
1953,Withdrawal,49432.48,21,Female,152729.69,Desktop,Bangalore,Electronics,11,Yes,1
1954,Transfer,82563.11,26,Male,496802.48,Desktop,Mumbai,Grocery,2,Yes,1
1955,Withdrawal,81633.15,52,Male,467384.63,Mobile,Kolkata,Electronics,3,Yes,0
1956,Transfer,26446.34,62,Female,138606.47,Mobile,Mumbai,Food,14,Yes,1
1957,Payment,75328.18,44,Female,335776.45,Mobile,Chennai,Travel,21,No,0
1958,Withdrawal,77287.13,48,Male,50440.69,Desktop,Delhi,Fashion,17,Yes,1
1959,Payment,69527.01,22,Female,34832.13,Mobile,Mumbai,Travel,12,Yes,1
1960,Withdrawal,20945.28,55,Female,381441.54,Desktop,Bangalore,Grocery,16,Yes,0
1961,Payment,91678.05,42,Female,434590.1,Mobile,Bangalore,Grocery,2,No,0
1962,Withdrawal,95154.31,54,Male,77908.42,Mobile,Delhi,Grocery,0,No,1
1963,Transfer,47676.42,51,Female,179218.63,Mobile,Chennai,Electronics,11,No,0
1964,Deposit,50268.82,50,Female,31312.75,Desktop,Kolkata,Electronics,1,No,0
1965,Deposit,19473.77,30,Female,92439.33,Desktop,Chennai,Food,15,No,0
1966,Transfer,64669.85,25,Male,62018.01,Mobile,Chennai,Fashion,7,Yes,1
1967,Withdrawal,22723.86,57,Female,198994.5,Mobile,Mumbai,Fashion,15,Yes,1
1968,Payment,34828.55,36,Female,368271.72,Mobile,Mumbai,Food,22,No,0
1969,Payment,17106.23,61,Male,87489.5,Desktop,Bangalore,Grocery,0,No,0
1970,Transfer,17833.75,34,Male,89508.93,Mobile,Chennai,Fashion,15,Yes,1
1971,Payment,47309.57,20,Male,285797.03,Desktop,Mumbai,Food,16,Yes,0
1972,Transfer,10089.25,69,Female,229045.09,Desktop,Chennai,Fashion,21,No,0
1973,Deposit,1454.75,40,Female,356527.79,Desktop,Delhi,Fashion,21,Yes,1
1974,Deposit,85640.93,60,Male,181811.23,Mobile,Mumbai,Food,23,No,1
1975,Transfer,19464.83,42,Male,482899.26,Desktop,Chennai,Grocery,8,No,0
1976,Deposit,58955.87,35,Female,99333.47,Desktop,Chennai,Electronics,13,No,0
1977,Withdrawal,28912.01,18,Female,463980.35,Mobile,Bangalore,Grocery,16,No,0
1978,Payment,30434.2,36,Male,400893.61,Mobile,Bangalore,Electronics,6,No,0
1979,Transfer,5414.01,37,Male,218009.8,Mobile,Delhi,Fashion,4,No,0
1980,Payment,95373.16,63,Female,75608.91,Mobile,Bangalore,Food,2,No,1
1981,Deposit,93300.18,33,Female,214168.83,Mobile,Kolkata,Fashion,19,No,1
1982,Deposit,67924.43,38,Male,343243.99,Mobile,Kolkata,Grocery,13,Yes,1
1983,Transfer,29803.68,58,Female,275186.18,Desktop,Bangalore,Electronics,4,No,0
1984,Withdrawal,46891.05,45,Female,213150.3,Desktop,Bangalore,Electronics,17,Yes,0
1985,Deposit,8934.06,26,Female,394382.88,Desktop,Mumbai,Food,17,No,0
1986,Deposit,12680.99,60,Male,234089.87,Desktop,Delhi,Electronics,1,No,0
1987,Transfer,33415.0,24,Female,284894.48,Desktop,Delhi,Electronics,23,Yes,0
1988,Payment,56248.72,49,Male,115654.07,Mobile,Kolkata,Fashion,23,Yes,0
1989,Payment,11559.42,18,Male,303876.38,Mobile,Chennai,Electronics,7,Yes,1
1990,Transfer,83289.37,46,Female,32548.32,Mobile,Kolkata,Travel,15,Yes,1
1991,Withdrawal,82186.48,61,Female,430360.37,Mobile,Bangalore,Grocery,20,Yes,1
1992,Payment,17160.47,65,Male,240698.41,Desktop,Kolkata,Electronics,18,No,0
1993,Withdrawal,39179.8,62,Male,234662.03,Desktop,Mumbai,Electronics,9,No,0
1994,Deposit,1200.86,37,Male,324328.95,Desktop,Delhi,Fashion,4,No,0
1995,Deposit,27762.71,28,Female,252816.0,Mobile,Kolkata,Food,12,Yes,1
1996,Payment,35251.51,64,Female,232443.46,Mobile,Kolkata,Fashion,12,Yes,0
1997,Deposit,37714.62,48,Male,290139.28,Desktop,Mumbai,Fashion,18,No,0
1998,Deposit,6850.24,19,Male,119693.63,Mobile,Bangalore,Travel,10,Yes,0
1999,Payment,10632.64,29,Female,379127.87,Desktop,Delhi,Electronics,19,No,0
